[
    {
        "condition": "minecraft:alternative",
        "terms": [
            {
                "condition": "minecraft:location_check",
                "predicate": {
                    "block": {
                        "nbt": "{Items:[{Slot:11b,id:\"minecraft:netherite_pickaxe\"}]}"
                    }
                }
            },
            {
                "condition": "minecraft:location_check",
                "predicate": {
                    "block": {
                        "nbt": "{Items:[{Slot:11b,id:\"minecraft:diamond_pickaxe\"}]}"
                    }
                }
            },
            {
                "condition": "minecraft:location_check",
                "predicate": {
                    "block": {
                        "nbt": "{Items:[{Slot:11b,id:\"minecraft:iron_pickaxe\"}]}"
                    }
                }
            },
            {
                "condition": "minecraft:location_check",
                "predicate": {
                    "block": {
                        "nbt": "{Items:[{Slot:11b,id:\"minecraft:golden_pickaxe\"}]}"
                    }
                }
            },
            {
                "condition": "minecraft:location_check",
                "predicate": {
                    "block": {
                        "nbt": "{Items:[{Slot:11b,id:\"minecraft:stone_pickaxe\"}]}"
                    }
                }
            },
            {
                "condition": "minecraft:location_check",
                "predicate": {
                    "block": {
                        "nbt": "{Items:[{Slot:11b,id:\"minecraft:wooden_pickaxe\"}]}"
                    }
                }
            }
        ]
    }
]