{
	"criteria": {
		"requirement": {
			"trigger": "minecraft:using_item",
			"conditions": {
				"player": [
					{
						"condition": "minecraft:alternative",
						"terms": [
							{
								"condition": "minecraft:entity_properties",
								"entity": "this",
								"predicate": {
									"equipment": {
										"mainhand": {
											"nbt": "{EnchantmentPlusData:{RoyalGuard:1b}}"
										}
									}
								}
							},
							{
								"condition": "minecraft:entity_properties",
								"entity": "this",
								"predicate": {
									"equipment": {
										"offhand": {
											"nbt": "{EnchantmentPlusData:{RoyalGuard:1b}}"
										}
									}
								}
							}
						]
					}
				]
			}
		}
	},
	"rewards": {
		"function": "enchantmentplus:custom/royal_guard/use"
	}
}
