{
  "parent": "minecraft:item/handheld_rod",
  "textures": {
    "layer0": "minecraft:item/warped_fungus_on_a_stick"
  },
  "overrides": [
      {
            "predicate": {
              "custom_model_data": 6641
          },
          "model": "custom_items/gun"
      },
      {
            "predicate": {
              "custom_model_data": 6642
          },
          "model": "custom_items/sword"
      },
      {
            "predicate": {
              "custom_model_data": 6643
          },
          "model": "custom_items/ice_cream"
      },
      {
            "predicate": {
              "custom_model_data": 6644
          },
          "model": "custom_items/protein"
      },
      {
            "predicate": {
              "custom_model_data": 6645
          },
          "model": "custom_items/filter"
      },
      {
            "predicate": {
              "custom_model_data": 6646
          },
          "model": "custom_items/elevator"
      },
      {
        "predicate": {
          "custom_model_data": 17201
      },
      "model": "custom_items/sandstorm_sword"
  }
    ]
}