{
    "condition": "minecraft:alternative",
    "terms": [
        {
            "condition": "minecraft:reference",
            "name": "enchantmentplus:custom/antigravity"
        },
        {
            "condition": "minecraft:reference",
            "name": "enchantmentplus:custom/autosmelt/autosmelt"
        },
        {
            "condition": "minecraft:reference",
            "name": "enchantmentplus:custom/beheading/beheading"
        },
        {
            "condition": "minecraft:reference",
            "name": "enchantmentplus:custom/deflect"
        },
        {
            "condition": "minecraft:reference",
            "name": "enchantmentplus:custom/direct"
        },
        {
            "condition": "minecraft:reference",
            "name": "enchantmentplus:custom/experience_boost/experience_boost"
        },
        {
            "condition": "minecraft:reference",
            "name": "enchantmentplus:custom/icy"
        },
        {
            "condition": "minecraft:reference",
            "name": "enchantmentplus:custom/judgment_shot/trigger"
        },
        {
            "condition": "minecraft:reference",
            "name": "enchantmentplus:custom/lava_walker"
        },
        {
            "condition": "minecraft:reference",
            "name": "enchantmentplus:custom/lifesteal"
        },
        {
            "condition": "minecraft:reference",
            "name": "enchantmentplus:custom/lumberjack/lumberjack"
        },
        {
            "condition": "minecraft:reference",
            "name": "enchantmentplus:custom/royal_guard"
        },
        {
            "condition": "minecraft:reference",
            "name": "enchantmentplus:custom/veinminer"
        },
        {
            "condition": "minecraft:reference",
            "name": "enchantmentplus:custom/wide/wide"
        }
    ]
}