[
    {
        "condition": "minecraft:entity_properties",
        "entity": "this",
        "predicate": {
            "equipment": {
                "mainhand": {
                    "nbt": "{EnchantmentPlusData:{Antigravity:1b}}"
                }
            }
        }
    },
    {
        "condition": "minecraft:entity_scores",
        "entity": "this",
        "scores": {
            "ENCHGravityOff": {
                "min": 0,
                "max": 0
            }
        }
    },
    {
        "condition": "minecraft:entity_scores",
        "entity": "this",
        "scores": {
            "ENCHBow": {
                "min": 1
            }
        }
    }
]