{
    "condition": "minecraft:alternative",
    "terms": [
        {
            "condition": "minecraft:entity_scores",
            "entity": "this",
            "scores": {
                "ENCHNethAxe": {
                    "min": 1
                }
            }
        },
        {
            "condition": "minecraft:entity_scores",
            "entity": "this",
            "scores": {
                "ENCHDiaAxe": {
                    "min": 1
                }
            }
        },
        {
            "condition": "minecraft:entity_scores",
            "entity": "this",
            "scores": {
                "ENCHIronAxe": {
                    "min": 1
                }
            }
        },
        {
            "condition": "minecraft:entity_scores",
            "entity": "this",
            "scores": {
                "ENCHGoldAxe": {
                    "min": 1
                }
            }
        },
        {
            "condition": "minecraft:entity_scores",
            "entity": "this",
            "scores": {
                "ENCHStoneAxe": {
                    "min": 1
                }
            }
        },
        {
            "condition": "minecraft:entity_scores",
            "entity": "this",
            "scores": {
                "ENCHWoodAxe": {
                    "min": 1
                }
            }
        }
    ]
}