{
    "condition": "minecraft:alternative",
    "terms": [
        {
            "condition": "minecraft:entity_scores",
            "entity": "this",
            "scores": {
                "ENCHNethHoe": {
                    "min": 1
                }
            }
        },
        {
            "condition": "minecraft:entity_scores",
            "entity": "this",
            "scores": {
                "ENCHDiaHoe": {
                    "min": 1
                }
            }
        },
        {
            "condition": "minecraft:entity_scores",
            "entity": "this",
            "scores": {
                "ENCHIronHoe": {
                    "min": 1
                }
            }
        },
        {
            "condition": "minecraft:entity_scores",
            "entity": "this",
            "scores": {
                "ENCHGoldHoe": {
                    "min": 1
                }
            }
        },
        {
            "condition": "minecraft:entity_scores",
            "entity": "this",
            "scores": {
                "ENCHStoneHoe": {
                    "min": 1
                }
            }
        },
        {
            "condition": "minecraft:entity_scores",
            "entity": "this",
            "scores": {
                "ENCHWoodHoe": {
                    "min": 1
                }
            }
        }
    ]
}