{
    "condition": "minecraft:alternative",
    "terms": [
        {
            "condition": "minecraft:entity_scores",
            "entity": "this",
            "scores": {
                "ENCHNethShovel": {
                    "min": 1
                }
            }
        },
        {
            "condition": "minecraft:entity_scores",
            "entity": "this",
            "scores": {
                "ENCHDiaShovel": {
                    "min": 1
                }
            }
        },
        {
            "condition": "minecraft:entity_scores",
            "entity": "this",
            "scores": {
                "ENCHIronShovel": {
                    "min": 1
                }
            }
        },
        {
            "condition": "minecraft:entity_scores",
            "entity": "this",
            "scores": {
                "ENCHGoldShovel": {
                    "min": 1
                }
            }
        },
        {
            "condition": "minecraft:entity_scores",
            "entity": "this",
            "scores": {
                "ENCHStoneShovel": {
                    "min": 1
                }
            }
        },
        {
            "condition": "minecraft:entity_scores",
            "entity": "this",
            "scores": {
                "ENCHWoodShovel": {
                    "min": 1
                }
            }
        }
    ]
}