{
    "condition": "minecraft:alternative",
    "terms": [
        {
            "condition": "minecraft:reference",
            "name": "enchantmentplus:custom/wide/pickaxes/netherite"
        },
        {
            "condition": "minecraft:reference",
            "name": "enchantmentplus:custom/wide/pickaxes/diamond"
        },
        {
            "condition": "minecraft:reference",
            "name": "enchantmentplus:custom/wide/pickaxes/iron"
        },
        {
            "condition": "minecraft:reference",
            "name": "enchantmentplus:custom/wide/pickaxes/golden"
        },
        {
            "condition": "minecraft:reference",
            "name": "enchantmentplus:custom/wide/pickaxes/stone"
        },
        {
            "condition": "minecraft:reference",
            "name": "enchantmentplus:custom/wide/pickaxes/wooden"
        }
    ]
}