[
    {
        "condition": "minecraft:alternative",
        "terms": [
            {
                "condition": "minecraft:entity_properties",
                "entity": "this",
                "predicate": {
                    "equipment": {
                        "mainhand": {
                            "nbt": "{EnchantmentPlusData:{ExperienceBoost:1b}}"
                        }
                    }
                }
            },
            {
                "condition": "minecraft:entity_properties",
                "entity": "this",
                "predicate": {
                    "equipment": {
                        "mainhand": {
                            "nbt": "{EnchantmentPlusData:{ExperienceBoost:2b}}"
                        }
                    }
                }
            },
            {
                "condition": "minecraft:entity_properties",
                "entity": "this",
                "predicate": {
                    "equipment": {
                        "mainhand": {
                            "nbt": "{EnchantmentPlusData:{ExperienceBoost:3b}}"
                        }
                    }
                }
            },
            {
                "condition": "minecraft:entity_properties",
                "entity": "this",
                "predicate": {
                    "equipment": {
                        "mainhand": {
                            "nbt": "{EnchantmentPlusData:{ExperienceBoost:4b}}"
                        }
                    }
                }
            },
            {
                "condition": "minecraft:entity_properties",
                "entity": "this",
                "predicate": {
                    "equipment": {
                        "mainhand": {
                            "nbt": "{EnchantmentPlusData:{ExperienceBoost:5b}}"
                        }
                    }
                }
            }
        ]
    },
    {
        "condition": "minecraft:entity_scores",
        "entity": "this",
        "scores": {
            "ENCHExpBoostOff": {
                "min": 0,
                "max": 0
            }
        }
    },
    {
        "condition": "minecraft:alternative",
        "terms": [
            {
                "condition": "minecraft:reference",
                "name": "enchantmentplus:kill"
            },
            {
                "condition": "minecraft:reference",
                "name": "enchantmentplus:usage/pickaxe"
            },
            {
                "condition": "minecraft:reference",
                "name": "enchantmentplus:usage/axe"
            },
            {
                "condition": "minecraft:reference",
                "name": "enchantmentplus:usage/shovel"
            },
            {
                "condition": "minecraft:reference",
                "name": "enchantmentplus:usage/hoe"
            }
        ]
    }
]