{
    "condition": "minecraft:alternative",
    "terms": [
        {
            "condition": "minecraft:entity_properties",
            "entity": "this",
            "predicate": {
                "equipment": {
                    "head": {
                        "nbt": "{EnchantmentPlusData:{OwlEye:1b}}"
                    }
                }
            }
        },
        {
            "condition": "minecraft:entity_properties",
            "entity": "this",
            "predicate": {
                "equipment": {
                    "chest": {
                        "nbt": "{EnchantmentPlusData:{Lightness:1b}}"
                    }
                }
            }
        },
        {
            "condition": "minecraft:entity_properties",
            "entity": "this",
            "predicate": {
                "equipment": {
                    "head": {
                        "nbt": "{EnchantmentPlusData:{Thermal:1b}}"
                    },
                    "chest": {
                        "nbt": "{EnchantmentPlusData:{Thermal:1b}}"
                    },
                    "legs": {
                        "nbt": "{EnchantmentPlusData:{Thermal:1b}}"
                    },
                    "feet": {
                        "nbt": "{EnchantmentPlusData:{Thermal:1b}}"
                    }
                }
            }
        },
        {
            "condition": "minecraft:entity_properties",
            "entity": "this",
            "predicate": {
                "equipment": {
                    "feet": {
                        "nbt": "{EnchantmentPlusData:{Leaping:1b}}"
                    }
                }
            }
        },
        {
            "condition": "minecraft:entity_properties",
            "entity": "this",
            "predicate": {
                "equipment": {
                    "feet": {
                        "nbt": "{EnchantmentPlusData:{Leaping:2b}}"
                    }
                }
            }
        },
        {
            "condition": "minecraft:entity_properties",
            "entity": "this",
            "predicate": {
                "equipment": {
                    "feet": {
                        "nbt": "{EnchantmentPlusData:{Leaping:3b}}"
                    }
                }
            }
        }
    ]
}