[
    {
        "condition": "minecraft:reference",
        "name": "enchantmentplus:recipes/tools/swords"
    },
    {
        "condition": "minecraft:inverted",
        "term": {
            "condition": "minecraft:location_check",
            "predicate": {
                "block": {
                    "nbt": "{Items:[{Slot:11b,tag:{EnchantmentPlusData:{Lifesteal:3b}}}]}"
                }
            }
        }
    },
    {
        "condition": "minecraft:inverted",
        "term": {
            "condition": "minecraft:location_check",
            "predicate": {
                "block": {
                    "nbt": "{Items:[{Slot:1b}]}"
                }
            }
        }
    },
    {
        "condition": "minecraft:inverted",
        "term": {
            "condition": "minecraft:location_check",
            "predicate": {
                "block": {
                    "nbt": "{Items:[{Slot:3b}]}"
                }
            }
        }
    },
    {
        "condition": "minecraft:inverted",
        "term": {
            "condition": "minecraft:location_check",
            "predicate": {
                "block": {
                    "nbt": "{Items:[{Slot:19b}]}"
                }
            }
        }
    },
    {
        "condition": "minecraft:inverted",
        "term": {
            "condition": "minecraft:location_check",
            "predicate": {
                "block": {
                    "nbt": "{Items:[{Slot:21b}]}"
                }
            }
        }
    },
    {
        "condition": "minecraft:location_check",
        "predicate": {
            "block": {
                "nbt": "{Items:[{Slot:2b,id:\"minecraft:lingering_potion\",Count:1b,tag:{Potion:\"minecraft:strong_healing\"}}]}"
            }
        }
    },
    {
        "condition": "minecraft:location_check",
        "predicate": {
            "block": {
                "nbt": "{Items:[{Slot:10b,id:\"minecraft:totem_of_undying\",Count:1b}]}"
            }
        }
    },
    {
        "condition": "minecraft:reference",
        "name": "enchantmentplus:recipes/materials/lapis_lazuli"
    },
    {
        "condition": "minecraft:location_check",
        "predicate": {
            "block": {
                "nbt": "{Items:[{Slot:12b,id:\"minecraft:totem_of_undying\",Count:1b}]}"
            }
        }
    }
]