[
    {
        "condition": "minecraft:alternative",
        "terms": [
            {
                "condition": "minecraft:reference",
                "name": "enchantmentplus:unbreaking_chances/unbreaking_0"
            },
            {
                "condition": "minecraft:reference",
                "name": "enchantmentplus:unbreaking_chances/unbreaking_1"
            },
            {
                "condition": "minecraft:reference",
                "name": "enchantmentplus:unbreaking_chances/unbreaking_2"
            },
            {
                "condition": "minecraft:reference",
                "name": "enchantmentplus:unbreaking_chances/unbreaking_3"
            },
            {
                "condition": "minecraft:reference",
                "name": "enchantmentplus:unbreaking_chances/unbreaking_4"
            },
            {
                "condition": "minecraft:reference",
                "name": "enchantmentplus:unbreaking_chances/unbreaking_5"
            },
            {
                "condition": "minecraft:reference",
                "name": "enchantmentplus:unbreaking_chances/unbreaking_6"
            },
            {
                "condition": "minecraft:reference",
                "name": "enchantmentplus:unbreaking_chances/unbreaking_7"
            },
            {
                "condition": "minecraft:reference",
                "name": "enchantmentplus:unbreaking_chances/unbreaking_8"
            },
            {
                "condition": "minecraft:reference",
                "name": "enchantmentplus:unbreaking_chances/unbreaking_9"
            },
            {
                "condition": "minecraft:reference",
                "name": "enchantmentplus:unbreaking_chances/unbreaking_10"
            }
        ]
    },
    {
        "condition": "minecraft:inverted",
        "term": {
            "condition": "minecraft:reference",
            "name": "enchantmentplus:anti-break_safety"
        }
    }
]