{
	"type": "minecraft:command",
	"pools": [
		{
			"rolls": 1,
			"entries": [
				{
					"type": "minecraft:item",
					"name": "minecraft:experience_bottle",
					"functions": [
						{
							"function": "minecraft:set_name",
							"entity": "this",
							"name": [
								{
									"text": "[ Click to craft ]",
									"color": "aqua",
									"italic": false
								}
							]
						},
						{
							"function": "minecraft:set_nbt",
							"tag": "{EnchantmentPlusData:{id:\"locked_slot\",isCraftButton:1b}}"
						},
						{
							"function": "minecraft:set_lore",
							"entity": "this",
							"lore": [
								[
                                    {
                                        "text": "Requires: ",
                                        "color": "green",
                                        "italic": false
                                    },
                                    {
                                        "text": "5 XP",
                                        "color": "red",
                                        "italic": false
                                    }
                                ],
                                [
                                    {
                                        "text": "Costs: ",
                                        "color": "green",
                                        "italic": false
                                    },
                                    {
                                        "text": "5 XP",
                                        "color": "red",
                                        "italic": false
                                    }
                                ]
							],
							"conditions": [
								{
									"condition": "minecraft:entity_scores",
									"entity": "this",
									"scores": {
										"ENCHRecipeId": 1000
									}
								}
							]
						},
						{
							"function": "minecraft:set_lore",
							"entity": "this",
							"lore": [
								[
                                    {
                                        "text": "Requires: ",
                                        "color": "green",
                                        "italic": false
                                    },
                                    {
                                        "text": "20 XP",
                                        "color": "red",
                                        "italic": false
                                    }
                                ],
                                [
                                    {
                                        "text": "Costs: ",
                                        "color": "green",
                                        "italic": false
                                    },
                                    {
                                        "text": "20 XP",
                                        "color": "red",
                                        "italic": false
                                    }
                                ]
							],
							"conditions": [
								{
									"condition": "minecraft:entity_scores",
									"entity": "this",
									"scores": {
										"ENCHRecipeId": 1001
									}
								}
							]
						},
						{
							"function": "minecraft:set_lore",
							"entity": "this",
							"lore": [
								[
                                    {
                                        "text": "Requires: ",
                                        "color": "green",
                                        "italic": false
                                    },
                                    {
                                        "text": "16 XP",
                                        "color": "red",
                                        "italic": false
                                    }
                                ],
                                [
                                    {
                                        "text": "Costs: ",
                                        "color": "green",
                                        "italic": false
                                    },
                                    {
                                        "text": "16 XP",
                                        "color": "red",
                                        "italic": false
                                    }
                                ]
							],
							"conditions": [
								{
									"condition": "minecraft:entity_scores",
									"entity": "this",
									"scores": {
										"ENCHRecipeId": 1002
									}
								}
							]
						},
						{
							"function": "minecraft:set_lore",
							"entity": "this",
							"lore": [
								[
                                    {
                                        "text": "Requires: ",
                                        "color": "green",
                                        "italic": false
                                    },
                                    {
                                        "text": "12 XP",
                                        "color": "red",
                                        "italic": false
                                    }
                                ],
                                [
                                    {
                                        "text": "Costs: ",
                                        "color": "green",
                                        "italic": false
                                    },
                                    {
                                        "text": "12 XP",
                                        "color": "red",
                                        "italic": false
                                    }
                                ]
							],
							"conditions": [
								{
									"condition": "minecraft:entity_scores",
									"entity": "this",
									"scores": {
										"ENCHRecipeId": 1003
									}
								}
							]
						},
						{
							"function": "minecraft:set_lore",
							"entity": "this",
							"lore": [
								[
                                    {
                                        "text": "Requires: ",
                                        "color": "green",
                                        "italic": false
                                    },
                                    {
                                        "text": "16 XP",
                                        "color": "red",
                                        "italic": false
                                    }
                                ],
                                [
                                    {
                                        "text": "Costs: ",
                                        "color": "green",
                                        "italic": false
                                    },
                                    {
                                        "text": "16 XP",
                                        "color": "red",
                                        "italic": false
                                    }
                                ]
							],
							"conditions": [
								{
									"condition": "minecraft:entity_scores",
									"entity": "this",
									"scores": {
										"ENCHRecipeId": 1004
									}
								}
							]
						},
						{
							"function": "minecraft:set_lore",
							"entity": "this",
							"lore": [
								[
                                    {
                                        "text": "Requires: ",
                                        "color": "green",
                                        "italic": false
                                    },
                                    {
                                        "text": "12 XP",
                                        "color": "red",
                                        "italic": false
                                    }
                                ],
                                [
                                    {
                                        "text": "Costs: ",
                                        "color": "green",
                                        "italic": false
                                    },
                                    {
                                        "text": "12 XP",
                                        "color": "red",
                                        "italic": false
                                    }
                                ]
							],
							"conditions": [
								{
									"condition": "minecraft:entity_scores",
									"entity": "this",
									"scores": {
										"ENCHRecipeId": 1005
									}
								}
							]
						},
						{
							"function": "minecraft:set_lore",
							"entity": "this",
							"lore": [
								[
                                    {
                                        "text": "Requires: ",
                                        "color": "green",
                                        "italic": false
                                    },
                                    {
                                        "text": "20 XP",
                                        "color": "red",
                                        "italic": false
                                    }
                                ],
                                [
                                    {
                                        "text": "Costs: ",
                                        "color": "green",
                                        "italic": false
                                    },
                                    {
                                        "text": "20 XP",
                                        "color": "red",
                                        "italic": false
                                    }
                                ]
							],
							"conditions": [
								{
									"condition": "minecraft:entity_scores",
									"entity": "this",
									"scores": {
										"ENCHRecipeId": 1006
									}
								}
							]
						},
						{
							"function": "minecraft:set_lore",
							"entity": "this",
							"lore": [
								[
                                    {
                                        "text": "Requires: ",
                                        "color": "green",
                                        "italic": false
                                    },
                                    {
                                        "text": "20 XP",
                                        "color": "red",
                                        "italic": false
                                    }
                                ],
                                [
                                    {
                                        "text": "Costs: ",
                                        "color": "green",
                                        "italic": false
                                    },
                                    {
                                        "text": "20 XP",
                                        "color": "red",
                                        "italic": false
                                    }
                                ]
							],
							"conditions": [
								{
									"condition": "minecraft:entity_scores",
									"entity": "this",
									"scores": {
										"ENCHRecipeId": 1007
									}
								}
							]
						},
						{
							"function": "minecraft:set_lore",
							"entity": "this",
							"lore": [
								[
                                    {
                                        "text": "Requires: ",
                                        "color": "green",
                                        "italic": false
                                    },
                                    {
                                        "text": "12 XP",
                                        "color": "red",
                                        "italic": false
                                    }
                                ],
                                [
                                    {
                                        "text": "Costs: ",
                                        "color": "green",
                                        "italic": false
                                    },
                                    {
                                        "text": "12 XP",
                                        "color": "red",
                                        "italic": false
                                    }
                                ]
							],
							"conditions": [
								{
									"condition": "minecraft:entity_scores",
									"entity": "this",
									"scores": {
										"ENCHRecipeId": 1008
									}
								}
							]
						},
						{
							"function": "minecraft:set_lore",
							"entity": "this",
							"lore": [
								[
                                    {
                                        "text": "Requires: ",
                                        "color": "green",
                                        "italic": false
                                    },
                                    {
                                        "text": "20 XP",
                                        "color": "red",
                                        "italic": false
                                    }
                                ],
                                [
                                    {
                                        "text": "Costs: ",
                                        "color": "green",
                                        "italic": false
                                    },
                                    {
                                        "text": "20 XP",
                                        "color": "red",
                                        "italic": false
                                    }
                                ]
							],
							"conditions": [
								{
									"condition": "minecraft:entity_scores",
									"entity": "this",
									"scores": {
										"ENCHRecipeId": 1009
									}
								}
							]
						},
						{
							"function": "minecraft:set_lore",
							"entity": "this",
							"lore": [
								[
                                    {
                                        "text": "Requires: ",
                                        "color": "green",
                                        "italic": false
                                    },
                                    {
                                        "text": "16 XP",
                                        "color": "red",
                                        "italic": false
                                    }
                                ],
                                [
                                    {
                                        "text": "Costs: ",
                                        "color": "green",
                                        "italic": false
                                    },
                                    {
                                        "text": "16 XP",
                                        "color": "red",
                                        "italic": false
                                    }
                                ]
							],
							"conditions": [
								{
									"condition": "minecraft:entity_scores",
									"entity": "this",
									"scores": {
										"ENCHRecipeId": 1010
									}
								}
							]
						},
						{
							"function": "minecraft:set_lore",
							"entity": "this",
							"lore": [
								[
                                    {
                                        "text": "Requires: ",
                                        "color": "green",
                                        "italic": false
                                    },
                                    {
                                        "text": "16 XP",
                                        "color": "red",
                                        "italic": false
                                    }
                                ],
                                [
                                    {
                                        "text": "Costs: ",
                                        "color": "green",
                                        "italic": false
                                    },
                                    {
                                        "text": "16 XP",
                                        "color": "red",
                                        "italic": false
                                    }
                                ]
							],
							"conditions": [
								{
									"condition": "minecraft:entity_scores",
									"entity": "this",
									"scores": {
										"ENCHRecipeId": 1011
									}
								}
							]
						},
						{
							"function": "minecraft:set_lore",
							"entity": "this",
							"lore": [
								[
                                    {
                                        "text": "Requires: ",
                                        "color": "green",
                                        "italic": false
                                    },
                                    {
                                        "text": "16 XP",
                                        "color": "red",
                                        "italic": false
                                    }
                                ],
                                [
                                    {
                                        "text": "Costs: ",
                                        "color": "green",
                                        "italic": false
                                    },
                                    {
                                        "text": "16 XP",
                                        "color": "red",
                                        "italic": false
                                    }
                                ]
							],
							"conditions": [
								{
									"condition": "minecraft:entity_scores",
									"entity": "this",
									"scores": {
										"ENCHRecipeId": 1012
									}
								}
							]
						},
						{
							"function": "minecraft:set_lore",
							"entity": "this",
							"lore": [
								[
                                    {
                                        "text": "Requires: ",
                                        "color": "green",
                                        "italic": false
                                    },
                                    {
                                        "text": "16 XP",
                                        "color": "red",
                                        "italic": false
                                    }
                                ],
                                [
                                    {
                                        "text": "Costs: ",
                                        "color": "green",
                                        "italic": false
                                    },
                                    {
                                        "text": "16 XP",
                                        "color": "red",
                                        "italic": false
                                    }
                                ]
							],
							"conditions": [
								{
									"condition": "minecraft:entity_scores",
									"entity": "this",
									"scores": {
										"ENCHRecipeId": 1013
									}
								}
							]
						},
						{
							"function": "minecraft:set_lore",
							"entity": "this",
							"lore": [
								[
                                    {
                                        "text": "Requires: ",
                                        "color": "green",
                                        "italic": false
                                    },
                                    {
                                        "text": "20 XP",
                                        "color": "red",
                                        "italic": false
                                    }
                                ],
                                [
                                    {
                                        "text": "Costs: ",
                                        "color": "green",
                                        "italic": false
                                    },
                                    {
                                        "text": "20 XP",
                                        "color": "red",
                                        "italic": false
                                    }
                                ]
							],
							"conditions": [
								{
									"condition": "minecraft:entity_scores",
									"entity": "this",
									"scores": {
										"ENCHRecipeId": 1014
									}
								}
							]
						},
						{
							"function": "minecraft:set_lore",
							"entity": "this",
							"lore": [
								[
                                    {
                                        "text": "Requires: ",
                                        "color": "green",
                                        "italic": false
                                    },
                                    {
                                        "text": "16 XP",
                                        "color": "red",
                                        "italic": false
                                    }
                                ],
                                [
                                    {
                                        "text": "Costs: ",
                                        "color": "green",
                                        "italic": false
                                    },
                                    {
                                        "text": "16 XP",
                                        "color": "red",
                                        "italic": false
                                    }
                                ]
							],
							"conditions": [
								{
									"condition": "minecraft:entity_scores",
									"entity": "this",
									"scores": {
										"ENCHRecipeId": 1015
									}
								}
							]
						},
						{
							"function": "minecraft:set_lore",
							"entity": "this",
							"lore": [
								[
                                    {
                                        "text": "Requires: ",
                                        "color": "green",
                                        "italic": false
                                    },
                                    {
                                        "text": "16 XP",
                                        "color": "red",
                                        "italic": false
                                    }
                                ],
                                [
                                    {
                                        "text": "Costs: ",
                                        "color": "green",
                                        "italic": false
                                    },
                                    {
                                        "text": "16 XP",
                                        "color": "red",
                                        "italic": false
                                    }
                                ]
							],
							"conditions": [
								{
									"condition": "minecraft:entity_scores",
									"entity": "this",
									"scores": {
										"ENCHRecipeId": 1016
									}
								}
							]
						},
						{
							"function": "minecraft:set_lore",
							"entity": "this",
							"lore": [
								[
                                    {
                                        "text": "Requires: ",
                                        "color": "green",
                                        "italic": false
                                    },
                                    {
                                        "text": "20 XP",
                                        "color": "red",
                                        "italic": false
                                    }
                                ],
                                [
                                    {
                                        "text": "Costs: ",
                                        "color": "green",
                                        "italic": false
                                    },
                                    {
                                        "text": "20 XP",
                                        "color": "red",
                                        "italic": false
                                    }
                                ]
							],
							"conditions": [
								{
									"condition": "minecraft:entity_scores",
									"entity": "this",
									"scores": {
										"ENCHRecipeId": 1017
									}
								}
							]
						},
						{
							"function": "minecraft:set_lore",
							"entity": "this",
							"lore": [
								[
                                    {
                                        "text": "Requires: ",
                                        "color": "green",
                                        "italic": false
                                    },
                                    {
                                        "text": "16 XP",
                                        "color": "red",
                                        "italic": false
                                    }
                                ],
                                [
                                    {
                                        "text": "Costs: ",
                                        "color": "green",
                                        "italic": false
                                    },
                                    {
                                        "text": "16 XP",
                                        "color": "red",
                                        "italic": false
                                    }
                                ]
							],
							"conditions": [
								{
									"condition": "minecraft:entity_scores",
									"entity": "this",
									"scores": {
										"ENCHRecipeId": 1018
									}
								}
							]
						},
						{
							"function": "minecraft:set_lore",
							"entity": "this",
							"lore": [
								[
                                    {
                                        "text": "Requires: ",
                                        "color": "green",
                                        "italic": false
                                    },
                                    {
                                        "text": "20 XP",
                                        "color": "red",
                                        "italic": false
                                    }
                                ],
                                [
                                    {
                                        "text": "Costs: ",
                                        "color": "green",
                                        "italic": false
                                    },
                                    {
                                        "text": "20 XP",
                                        "color": "red",
                                        "italic": false
                                    }
                                ]
							],
							"conditions": [
								{
									"condition": "minecraft:entity_scores",
									"entity": "this",
									"scores": {
										"ENCHRecipeId": 1019
									}
								}
							]
						},
						{
							"function": "minecraft:set_lore",
							"entity": "this",
							"lore": [
								[
                                    {
                                        "text": "Requires: ",
                                        "color": "green",
                                        "italic": false
                                    },
                                    {
                                        "text": "16 XP",
                                        "color": "red",
                                        "italic": false
                                    }
                                ],
                                [
                                    {
                                        "text": "Costs: ",
                                        "color": "green",
                                        "italic": false
                                    },
                                    {
                                        "text": "16 XP",
                                        "color": "red",
                                        "italic": false
                                    }
                                ]
							],
							"conditions": [
								{
									"condition": "minecraft:entity_scores",
									"entity": "this",
									"scores": {
										"ENCHRecipeId": 1020
									}
								}
							]
						},
						{
							"function": "minecraft:set_lore",
							"entity": "this",
							"lore": [
								[
                                    {
                                        "text": "Requires: ",
                                        "color": "green",
                                        "italic": false
                                    },
                                    {
                                        "text": "20 XP",
                                        "color": "red",
                                        "italic": false
                                    }
                                ],
                                [
                                    {
                                        "text": "Costs: ",
                                        "color": "green",
                                        "italic": false
                                    },
                                    {
                                        "text": "20 XP",
                                        "color": "red",
                                        "italic": false
                                    }
                                ]
							],
							"conditions": [
								{
									"condition": "minecraft:entity_scores",
									"entity": "this",
									"scores": {
										"ENCHRecipeId": 1021
									}
								}
							]
						},
						{
							"function": "minecraft:set_lore",
							"entity": "this",
							"lore": [
								[
                                    {
                                        "text": "Requires: ",
                                        "color": "green",
                                        "italic": false
                                    },
                                    {
                                        "text": "20 XP",
                                        "color": "red",
                                        "italic": false
                                    }
                                ],
                                [
                                    {
                                        "text": "Costs: ",
                                        "color": "green",
                                        "italic": false
                                    },
                                    {
                                        "text": "20 XP",
                                        "color": "red",
                                        "italic": false
                                    }
                                ]
							],
							"conditions": [
								{
									"condition": "minecraft:entity_scores",
									"entity": "this",
									"scores": {
										"ENCHRecipeId": 1022
									}
								}
							]
						},
						{
							"function": "minecraft:set_lore",
							"entity": "this",
							"lore": [
								[
                                    {
                                        "text": "Requires: ",
                                        "color": "green",
                                        "italic": false
                                    },
                                    {
                                        "text": "20 XP",
                                        "color": "red",
                                        "italic": false
                                    }
                                ],
                                [
                                    {
                                        "text": "Costs: ",
                                        "color": "green",
                                        "italic": false
                                    },
                                    {
                                        "text": "20 XP",
                                        "color": "red",
                                        "italic": false
                                    }
                                ]
							],
							"conditions": [
								{
									"condition": "minecraft:entity_scores",
									"entity": "this",
									"scores": {
										"ENCHRecipeId": 1023
									}
								}
							]
						},
						{
							"function": "minecraft:set_lore",
							"entity": "this",
							"lore": [
								[
                                    {
                                        "text": "Requires: ",
                                        "color": "green",
                                        "italic": false
                                    },
                                    {
                                        "text": "20 XP",
                                        "color": "red",
                                        "italic": false
                                    }
                                ],
                                [
                                    {
                                        "text": "Costs: ",
                                        "color": "green",
                                        "italic": false
                                    },
                                    {
                                        "text": "20 XP",
                                        "color": "red",
                                        "italic": false
                                    }
                                ]
							],
							"conditions": [
								{
									"condition": "minecraft:entity_scores",
									"entity": "this",
									"scores": {
										"ENCHRecipeId": 1024
									}
								}
							]
						},
						{
							"function": "minecraft:set_lore",
							"entity": "this",
							"lore": [
								[
                                    {
                                        "text": "Requires: ",
                                        "color": "green",
                                        "italic": false
                                    },
                                    {
                                        "text": "10 XP",
                                        "color": "red",
                                        "italic": false
                                    }
                                ],
                                [
                                    {
                                        "text": "Costs: ",
                                        "color": "green",
                                        "italic": false
                                    },
                                    {
                                        "text": "10 XP",
                                        "color": "red",
                                        "italic": false
                                    }
                                ]
							],
							"conditions": [
								{
									"condition": "minecraft:entity_scores",
									"entity": "this",
									"scores": {
										"ENCHRecipeId": 2000
									}
								}
							]
						},
						{
							"function": "minecraft:set_lore",
							"entity": "this",
							"lore": [
								[
                                    {
                                        "text": "Requires: ",
                                        "color": "green",
                                        "italic": false
                                    },
                                    {
                                        "text": "0 XP",
                                        "color": "red",
                                        "italic": false
                                    }
                                ],
                                [
                                    {
                                        "text": "Costs: ",
                                        "color": "green",
                                        "italic": false
                                    },
                                    {
                                        "text": "0 XP",
                                        "color": "red",
                                        "italic": false
                                    }
                                ]
							],
							"conditions": [
								{
									"condition": "minecraft:entity_scores",
									"entity": "this",
									"scores": {
										"ENCHRecipeId": {
                                            "min": 2001,
                                            "max": 2999
                                        }
									}
								}
							]
						},
						{
							"function": "minecraft:set_lore",
							"entity": "this",
							"lore": [
								[
                                    {
                                        "text": "Requires: ",
                                        "color": "green",
                                        "italic": false
                                    },
                                    {
                                        "text": "10 XP",
                                        "color": "red",
                                        "italic": false
                                    }
                                ],
                                [
                                    {
                                        "text": "Costs: ",
                                        "color": "green",
                                        "italic": false
                                    },
                                    {
                                        "text": "10 XP",
                                        "color": "red",
                                        "italic": false
                                    }
                                ]
							],
							"conditions": [
								{
									"condition": "minecraft:entity_scores",
									"entity": "this",
									"scores": {
										"ENCHRecipeId": 3000
									}
								}
							]
						},
						{
							"function": "minecraft:set_lore",
							"entity": "this",
							"lore": [
								[
                                    {
                                        "text": "Requires: ",
                                        "color": "green",
                                        "italic": false
                                    },
                                    {
                                        "text": "15 XP",
                                        "color": "red",
                                        "italic": false
                                    }
                                ],
                                [
                                    {
                                        "text": "Costs: ",
                                        "color": "green",
                                        "italic": false
                                    },
                                    {
                                        "text": "5 XP",
                                        "color": "red",
                                        "italic": false
                                    }
                                ]
							],
							"conditions": [
								{
									"condition": "minecraft:entity_scores",
									"entity": "this",
									"scores": {
										"ENCHRecipeId": 4000
									}
								}
							]
						},
						{
							"function": "minecraft:set_lore",
							"entity": "this",
							"lore": [
								[
                                    {
                                        "text": "Requires: ",
                                        "color": "green",
                                        "italic": false
                                    },
                                    {
                                        "text": "30 XP",
                                        "color": "red",
                                        "italic": false
                                    }
                                ],
                                [
                                    {
                                        "text": "Costs: ",
                                        "color": "green",
                                        "italic": false
                                    },
                                    {
                                        "text": "10 XP",
                                        "color": "red",
                                        "italic": false
                                    }
                                ]
							],
							"conditions": [
								{
									"condition": "minecraft:entity_scores",
									"entity": "this",
									"scores": {
										"ENCHRecipeId": 5000
									}
								}
							]
						}
					]
				}
			]
		}
	]
}
