{
	"type": "minecraft:command",
	"pools": [
		{
			"rolls": 1,
			"entries": [
				{
					"type": "minecraft:item",
					"name": "minecraft:written_book",
					"functions": [
						{
							"function": "minecraft:set_nbt",
							"tag": "{EnchantmentPlusData:{id:\"guide\",version:2.0d},CustomModelData:6960001,ctc:{id:\"enchantmentplus_guide\",from:\"wyvernity:enchantmentplus\",traits:{item:1b}},display:{Name:'{\"text\":\"Enchantment+ Guide\",\"color\":\"yellow\",\"italic\":false}',Lore:['{\"text\":\"Version 2.0\",\"color\":\"gray\",\"italic\":false}']},HideFlags:32,title:\"\",author:\"\",generation:2,pages:['[{\"text\":\"  \"},{\"text\":\"Enchantment+ Guide\\\\n\\\\n\",\"color\":\"dark_purple\",\"underlined\":true,\"hoverEvent\":{\"action\":\"show_text\",\"contents\":[{\"text\":\"Created by \"},{\"text\":\"Wyvernity\",\"color\":\"dark_aqua\"}]}},{\"text\":\"> Vanilla Module\\\\n\",\"color\":\"dark_gray\",\"hoverEvent\":{\"action\":\"show_text\",\"contents\":[{\"text\":\"Enchanting Beyond Vanilla Levels\\\\n\\\\n\",\"underlined\":true},{\"text\":\"\\\\uAD01 Combine same level enchantments\\\\n                 to exceed their vanilla levels!\\\\n\\\\n                 Put your main item into the middle\\\\n                 slot and your book into any other\\\\n                 slot (Main item also could be book)\\\\n\\\\n\",\"color\":\"white\",\"underlined\":false},{\"text\":\"Combining books requires 15, costs 5 XP Levels\\\\n\\\\nEnchanting items requires 30, costs 10 XP Levels\",\"color\":\"green\",\"underlined\":false}]}},{\"text\":\"> Disenchant. Module\\\\n\",\"color\":\"gray\",\"hoverEvent\":{\"action\":\"show_text\",\"contents\":[{\"text\":\"Disenchanting\\\\n\\\\n\",\"underlined\":true},{\"text\":\"\\\\uAD02 Disenchant your item by\\\\n                 combining it with a book.\\\\n\\\\n                 This will take the undermost\\\\n                 enchantment from the item\\\\n                 and put it into the book\\\\n\\\\nThis can be applied to both items and books\\\\n\\\\n\",\"underlined\":false},{\"text\":\"Custom enchantments can not be disenchanted\\\\n\\\\n\",\"color\":\"red\",\"underlined\":false},{\"text\":\"Disenchanting requires 10 XP Levels\",\"color\":\"green\",\"underlined\":false}]}},{\"text\":\"> Resource Module\\\\n\",\"color\":\"dark_gray\",\"hoverEvent\":{\"action\":\"show_text\",\"contents\":[{\"text\":\"Enchant your items with resources such\\\\nas redstone, lapis lazuli and nether quartz\\\\n\\\\n\"},{\"text\":\"Click to see the recipes for enchantments\",\"italic\":true,\"color\":\"gray\"}]},\"clickEvent\":{\"action\":\"change_page\",\"value\":\"2\"}},{\"text\":\"> Custom Module\\\\n\",\"color\":\"gray\",\"clickEvent\":{\"action\":\"change_page\",\"value\":\"5\"},\"hoverEvent\":{\"action\":\"show_text\",\"contents\":[{\"text\":\"Enchant your items with useful enchantments\\\\n\\\\n\"},{\"text\":\"Click to see the custom enchantments\",\"italic\":true,\"color\":\"gray\"}]}},{\"text\":\"> Custom En. Removal\\\\n\",\"color\":\"dark_gray\",\"hoverEvent\":{\"action\":\"show_text\",\"contents\":[{\"text\":\"Removing Custom Enchantments\\\\n\\\\n\",\"underlined\":true},{\"text\":\"\\\\uAD03 Remove a custom enchantment\\\\n                 by combining it with a name tag\\\\n                 named as the name of the\\\\n                 custom enchantment.\\\\n\\\\n                 Exact name removes completely.\\\\n\\\\nName without level decreases its level.\",\"underlined\":false},{\"text\":\"\\\\n\\\\nWide III Item + \\\\\"Wide III\\\\\" Name Tag => None\",\"color\":\"yellow\",\"underlined\":false},{\"text\":\"\\\\nWide III Item + \\\\\"Wide\\\\\" Name Tag => Wide II Item\",\"color\":\"yellow\",\"underlined\":false},{\"text\":\"\\\\n\\\\nThis requires 5 XP Levels\",\"color\":\"green\",\"underlined\":false}]}},{\"text\":\"> Option Menu\\\\n\",\"color\":\"gray\",\"clickEvent\":{\"action\":\"run_command\",\"value\":\"/trigger Enchantment+Menu\"},\"hoverEvent\":{\"action\":\"show_text\",\"contents\":[{\"text\":\"Enchantment+ Option Menu\\\\n\\\\n\",\"underlined\":true},{\"text\":\"All custom enchantments can be configured\\\\nin the option menu. To open the menu, \",\"underlined\":false},{\"text\":\"click here.\\\\n\\\\n\",\"italic\":true,\"color\":\"gray\",\"underlined\":false},{\"text\":\"You can also use \",\"underlined\":false},{\"text\":\"/trigger Enchantment+Menu\",\"color\":\"gold\",\"underlined\":false},{\"text\":\"\\\\ncommand to open the option menu anywhere.\\\\n\\\\n\",\"underlined\":false},{\"text\":\"(Changing an option will only affect you)\",\"color\":\"gray\",\"underlined\":false,\"italic\":true}]}},{\"text\":\"> Admin Menu\\\\n\",\"color\":\"dark_gray\",\"hoverEvent\":{\"action\":\"show_text\",\"contents\":[{\"text\":\"Enchantment+ Admin Menu\\\\n\\\\n\",\"color\":\"white\",\"underlined\":true},{\"text\":\"This menu allows operators to enable, disable\\\\nor limit the features of the data pack.\\\\n\\\\nRun \",\"color\":\"white\",\"underlined\":false},{\"text\":\"/function enchantmentplus:admin_menu\",\"color\":\"yellow\",\"underlined\":false},{\"text\":\"\\\\ncommand to open the admin menu.\",\"underlined\":false},{\"text\":\"\\\\n\\\\nAdmin menu is for operators only.\",\"color\":\"red\",\"underlined\":false}]}},{\"text\":\"> Vanilla Recipes\",\"color\":\"gray\",\"hoverEvent\":{\"action\":\"show_text\",\"contents\":[{\"text\":\"        \",\"underlined\":false},{\"text\":\"Podzol\\\\n\",\"color\":\"white\",\"underlined\": true},{\"text\":\"\\\\uAF03\\\\n\\\\n\\\\n\\\\n\\\\n\\\\n\",\"color\":\"white\",\"underlined\":false}]}}]','[{\"text\":\" \"},{\"text\":\"Enchantment Recipes\\\\n\\\\n\",\"color\":\"dark_red\",\"underlined\":true,\"hoverEvent\":{\"action\":\"show_text\",\"contents\":[{\"text\":\"Use resources to enchant items!\\\\nAlso doesn\\'t require any xp!\"}]}},{\"text\":\"• Aqua Affinity\\\\n\",\"color\":\"dark_gray\",\"hoverEvent\":{\"action\":\"show_text\",\"contents\":[{\"text\":\"Aqua Affinity\\\\n\",\"underlined\":true},{\"text\":\"     \\\\uAE01\\\\n\\\\n\\\\n\\\\n\\\\n\\\\n\\\\nAvailable Items: \\\\uAB06\\\\uAB13\",\"underlined\":false}]}},{\"text\":\"• Bane of Arthropods\\\\n\",\"color\":\"gray\",\"hoverEvent\":{\"action\":\"show_text\",\"contents\":[{\"text\":\"Bane of Arthropods\",\"underlined\":true},{\"text\":\"\\\\n    (Max Level: \",\"color\":\"white\",\"underlined\":false},{\"score\":{\"name\":\"%BaneOfArthropodsMaxLevel\",\"objective\":\"ENCHSettings\"},\"color\":\"white\",\"underlined\":false},{\"text\":\")\\\\n\",\"color\":\"white\",\"underlined\":false},{\"text\":\"     \\\\uAE02\\\\n\\\\n\\\\n\\\\n\\\\n\\\\n\\\\nAvailable Items: \\\\uAB01\\\\uAB03\\\\n\",\"underlined\":false},{\"text\":\"\\\\nNot compatible with\\\\nSharpness and Smite\",\"color\":\"red\",\"underlined\":false}]}},{\"text\":\"• Blast Protection\\\\n\",\"color\":\"dark_gray\",\"hoverEvent\":{\"action\":\"show_text\",\"contents\":[{\"text\":\"Blast Protection\",\"underlined\":true},{\"text\":\" (Max Level: \",\"color\":\"white\",\"underlined\":false},{\"score\":{\"name\":\"%BlastProtectionMaxLevel\",\"objective\":\"ENCHSettings\"},\"color\":\"white\",\"underlined\":false},{\"text\":\")\\\\n\",\"color\":\"white\",\"underlined\":false},{\"text\":\"           \\\\uAE03\\\\n\\\\n\\\\n\\\\n\\\\n\\\\n\\\\nAvailable Items: \\\\uAB06\\\\uAB07\\\\uAB08\\\\uAB09\\\\uAB13\",\"underlined\":false},{\"text\":\"\\\\n\\\\nNot compatible with Protection,\\\\nFire Protection and Projectile\\\\nProtection\",\"underlined\":false,\"color\":\"red\"}]}},{\"text\":\"• Channeling\\\\n\",\"color\":\"gray\",\"hoverEvent\":{\"action\":\"show_text\",\"contents\":[{\"text\":\"Channeling\\\\n\",\"underlined\":true},{\"text\":\"        \\\\uAE04\\\\n\\\\n\\\\n\\\\n\\\\n\\\\n\\\\nAvailable Items: \\\\uAB12\\\\n\\\\n\",\"underlined\":false},{\"text\":\"Not compatible with Riptide\",\"underlined\":false,\"color\":\"red\"}]}},{\"text\":\"• Curse of Binding\\\\n\",\"color\":\"dark_gray\",\"hoverEvent\":{\"action\":\"show_text\",\"contents\":[{\"text\":\"Curse of Binding\\\\n\",\"color\":\"red\",\"underlined\":true},{\"text\":\"              \\\\uAE05\\\\n\\\\n\\\\n\\\\n\\\\n\\\\n\\\\nAvailable Items: All Equipable Gears\",\"color\":\"white\",\"underlined\":false}]}},{\"text\":\"• Curse of Vanishing\\\\n\",\"color\":\"gray\",\"hoverEvent\":{\"action\":\"show_text\",\"contents\":[{\"text\":\"Curse of Vanishing\\\\n\",\"color\":\"red\",\"underlined\":true},{\"text\":\"              \\\\uAE06\\\\n\\\\n\\\\n\\\\n\\\\n\\\\n\\\\nAvailable Items: All Tools and Gears\",\"underlined\":false,\"color\":\"white\"}]}},{\"text\":\"• Damage\\\\n\",\"color\":\"dark_gray\",\"hoverEvent\":{\"action\":\"show_text\",\"contents\":[{\"text\":\"Sharpness & Power\",\"underlined\":true},{\"text\":\"\\\\n(Max Level: \",\"color\":\"white\",\"underlined\":false},{\"score\":{\"name\":\"%SharpnessMaxLevel\",\"objective\":\"ENCHSettings\"},\"color\":\"white\",\"underlined\":false},{\"text\":\", \",\"color\":\"white\",\"underlined\":false},{\"score\":{\"name\":\"%PowerMaxLevel\",\"objective\":\"ENCHSettings\"},\"color\":\"white\",\"underlined\":false},{\"text\":\")\\\\n\",\"color\":\"white\",\"underlined\":false},{\"text\":\"       \\\\uAE07\\\\n\\\\n\\\\n\\\\n\\\\n\\\\n\\\\nAvailable Items: \\\\uAB01\\\\uAB03\\\\uAB10\",\"underlined\":false},{\"text\":\"\\\\n\\\\nRequired block is\\\\nBlock of Quartz\",\"color\":\"white\",\"underlined\":false},{\"text\":\"\\\\n\\\\nNot compatible with Bane\\\\nof Arthropods and Smite\",\"color\":\"red\",\"underlined\":false}]}},{\"text\":\"• Depth Strider\\\\n\",\"color\":\"gray\",\"hoverEvent\":{\"action\":\"show_text\",\"contents\":[{\"text\":\"Depth Strider\\\\n\",\"underlined\":true},{\"text\":\"        \\\\uAE08\\\\n\\\\n\\\\n\\\\n\\\\n\\\\n\\\\nAvailable Items: \\\\uAB09\",\"underlined\":false},{\"text\":\"\\\\n\\\\nNot compatible with Frost\\\\nWalker and Lava Walker\",\"color\":\"red\",\"underlined\":false}]}},{\"text\":\"• Feather Falling\\\\n\",\"color\":\"dark_gray\",\"hoverEvent\":{\"action\":\"show_text\",\"contents\":[{\"text\":\"Feather Falling\",\"underlined\":true},{\"text\":\"\\\\n(Max Level: \",\"color\":\"white\",\"underlined\":false},{\"score\":{\"name\":\"%FeatherFallingMaxLevel\",\"objective\":\"ENCHSettings\"},\"color\":\"white\",\"underlined\":false},{\"text\":\")\\\\n\",\"color\":\"white\",\"underlined\":false},{\"text\":\"    \\\\uAE09\\\\n\\\\n\\\\n\\\\n\\\\n\\\\n\\\\nAvailable Items: \\\\uAB09\",\"underlined\":false}]}},{\"text\":\"• Fiery\\\\n\",\"color\":\"gray\",\"hoverEvent\":{\"action\":\"show_text\",\"contents\":[{\"text\":\"Fire Aspect & Flame\",\"underlined\":true},{\"text\":\"\\\\n(Max Level: \",\"color\":\"white\",\"underlined\":false},{\"score\":{\"name\":\"%FireAspectMaxLevel\",\"objective\":\"ENCHSettings\"},\"color\":\"white\",\"underlined\":false},{\"text\":\", \",\"color\":\"white\",\"underlined\":false},{\"text\":\"1)\\\\n\",\"color\":\"white\",\"underlined\":false},{\"text\":\"      \\\\uAE10\\\\n\\\\n\\\\n\\\\n\\\\n\\\\n\\\\nAvailable Items: \\\\uAB01\\\\uAB10\",\"underlined\":false}]}},{\"text\":\"• Fire Protection\\\\n\",\"color\":\"dark_gray\",\"hoverEvent\":{\"action\":\"show_text\",\"contents\":[{\"text\":\"Fire Protection\",\"underlined\":true},{\"text\":\" (Max Level: \",\"color\":\"white\",\"underlined\":false},{\"score\":{\"name\":\"%FireProtectionMaxLevel\",\"objective\":\"ENCHSettings\"},\"color\":\"white\",\"underlined\":false},{\"text\":\")\\\\n\",\"color\":\"white\",\"underlined\":false},{\"text\":\"           \\\\uAE11\\\\n\\\\n\\\\n\\\\n\\\\n\\\\n\\\\nAvailable Items: \\\\uAB06\\\\uAB07\\\\uAB08\\\\uAB09\\\\uAB13\",\"underlined\":false},{\"text\":\"\\\\n\\\\nNot compatible with Protection,\\\\nBlast Protection and Projectile\\\\nProtection\",\"underlined\":false,\"color\":\"red\"}]}}]','[{\"text\":\"\\\\n\\\\n\"},{\"text\":\"• Frost Walker\\\\n\",\"color\":\"gray\",\"hoverEvent\":{\"action\":\"show_text\",\"contents\":[{\"text\":\"Frost Walker\",\"underlined\":true},{\"text\":\" (Max Level: \",\"color\":\"white\",\"underlined\":false},{\"score\":{\"name\":\"%FrostWalkerMaxLevel\",\"objective\":\"ENCHSettings\"},\"color\":\"white\",\"underlined\":false},{\"text\":\")\\\\n\",\"color\":\"white\",\"underlined\":false},{\"text\":\"         \\\\uAE12\\\\n\\\\n\\\\n\\\\n\\\\n\\\\n\\\\nAvailable Items: \\\\uAB09\",\"underlined\":false},{\"text\":\"\\\\n\\\\nNot compatible with Depth\\\\nStrider and Lava Walker\",\"underlined\":false,\"color\":\"red\"}]}},{\"text\":\"• Haste\\\\n\",\"color\":\"dark_gray\",\"hoverEvent\":{\"action\":\"show_text\",\"contents\":[{\"text\":\"Efficiency, Lure & Quick Charge\",\"underlined\":true},{\"text\":\"\\\\n      (Max Level: \",\"color\":\"white\",\"underlined\":false},{\"score\":{\"name\":\"%EfficiencyMaxLevel\",\"objective\":\"ENCHSettings\"},\"color\":\"white\",\"underlined\":false},{\"text\":\", \",\"color\":\"white\",\"underlined\":false},{\"score\":{\"name\":\"%LureMaxLevel\",\"objective\":\"ENCHSettings\"},\"color\":\"white\",\"underlined\":false},{\"text\":\", \",\"color\":\"white\",\"underlined\":false},{\"score\":{\"name\":\"%QuickChargeMaxLevel\",\"objective\":\"ENCHSettings\"},\"color\":\"white\",\"underlined\":false},{\"text\":\")\\\\n\",\"color\":\"white\",\"underlined\":false},{\"text\":\"            \\\\uAE13\\\\n\\\\n\\\\n\\\\n\\\\n\\\\n\\\\nAvailable Items: \\\\uAB02\\\\uAB03\\\\uAB04\\\\uAB05\\\\uAB15\\\\uAB11\",\"underlined\":false}]}},{\"text\":\"• Impaling\\\\n\",\"color\":\"gray\",\"hoverEvent\":{\"action\":\"show_text\",\"contents\":[{\"text\":\"Impaling\",\"underlined\":true},{\"text\":\" (Max Level: \",\"color\":\"white\",\"underlined\":false},{\"score\":{\"name\":\"%ImpalingMaxLevel\",\"objective\":\"ENCHSettings\"},\"color\":\"white\",\"underlined\":false},{\"text\":\")\\\\n\",\"color\":\"white\",\"underlined\":false},{\"text\":\"      \\\\uAE14\\\\n\\\\n\\\\n\\\\n\\\\n\\\\n\\\\nAvailable Items: \\\\uAB12\",\"underlined\":false}]}},{\"text\":\"• Infinity\\\\n\",\"color\":\"dark_gray\",\"hoverEvent\":{\"action\":\"show_text\",\"contents\":[{\"text\":\"Infinity\\\\n\",\"underlined\":true},{\"text\":\"         \\\\uAE15\\\\n\\\\n\\\\n\\\\n\\\\n\\\\n\\\\nAvailable Items: \\\\uAB10\",\"underlined\":false},{\"text\":\"\\\\n\\\\nNot compatible with Mending\\\\nand Unbreakable\",\"color\":\"red\",\"underlined\":false}]}},{\"text\":\"• Loyalty\\\\n\",\"color\":\"gray\",\"hoverEvent\":{\"action\":\"show_text\",\"contents\":[{\"text\":\"Loyalty\",\"underlined\":true},{\"text\":\" (Max Level: \",\"color\":\"white\",\"underlined\":false},{\"score\":{\"name\":\"%LoyaltyMaxLevel\",\"objective\":\"ENCHSettings\"},\"color\":\"white\",\"underlined\":false},{\"text\":\")\\\\n\",\"color\":\"white\",\"underlined\":false},{\"text\":\"        \\\\uAE16\\\\n\\\\n\\\\n\\\\n\\\\n\\\\n\\\\nAvailable Items: \\\\uAB12\",\"underlined\":false},{\"text\":\"\\\\n\\\\nNot compatible with Riptide\",\"color\":\"red\",\"underlined\":false}]}},{\"text\":\"• Luck\\\\n\",\"color\":\"dark_gray\",\"hoverEvent\":{\"action\":\"show_text\",\"contents\":[{\"text\":\"Fortune, Looting & Luck of the Sea\",\"underlined\":true},{\"text\":\"\\\\n       (Max Level: \",\"color\":\"white\",\"underlined\":false},{\"score\":{\"name\":\"%FortuneMaxLevel\",\"objective\":\"ENCHSettings\"},\"color\":\"white\",\"underlined\":false},{\"text\":\", \",\"color\":\"white\",\"underlined\":false},{\"score\":{\"name\":\"%LootingMaxLevel\",\"objective\":\"ENCHSettings\"},\"color\":\"white\",\"underlined\":false},{\"text\":\", \",\"color\":\"white\",\"underlined\":false},{\"score\":{\"name\":\"%LuckOfTheSeaMaxLevel\",\"objective\":\"ENCHSettings\"},\"color\":\"white\",\"underlined\":false},{\"text\":\")\\\\n\",\"color\":\"white\",\"underlined\":false},{\"text\":\"             \\\\uAE17\\\\n\\\\n\\\\n\\\\n\\\\n\\\\n\\\\nAvailable Items: \\\\uAB01\\\\uAB02\\\\uAB03\\\\uAB04\\\\uAB05\\\\uAB15\",\"underlined\":false},{\"text\":\"\\\\n\\\\nFortune is not compatible with\\\\nSilk Touch\",\"color\":\"red\",\"underlined\":false}]}},{\"text\":\"• Mending\\\\n\",\"color\":\"gray\",\"hoverEvent\":{\"action\":\"show_text\",\"contents\":[{\"text\":\"Mending\\\\n\",\"underlined\":true},{\"text\":\"               \\\\uAE18\\\\n\\\\n\\\\n\\\\n\\\\n\\\\n\\\\nAvailable Items: All Items with Durability\",\"underlined\":false},{\"text\":\"\\\\n\\\\nNot compatible with Unbreakable\\\\nand Infinity\",\"underlined\":false,\"color\":\"red\"}]}},{\"text\":\"• Multishot\\\\n\",\"color\":\"dark_gray\",\"hoverEvent\":{\"action\":\"show_text\",\"contents\":[{\"text\":\"Multishot\\\\n\",\"underlined\":true},{\"text\":\"         \\\\uAE19\\\\n\\\\n\\\\n\\\\n\\\\n\\\\n\\\\nAvailable Items: \\\\uAB11\",\"underlined\":false},{\"text\":\"\\\\n\\\\nNot compatible with Piercing\",\"color\":\"red\",\"underlined\":false}]}},{\"text\":\"• Piercing\\\\n\",\"color\":\"gray\",\"hoverEvent\":{\"action\":\"show_text\",\"contents\":[{\"text\":\"Piercing\",\"underlined\":true},{\"text\":\" (Max Level: \",\"color\":\"white\",\"underlined\":false},{\"score\":{\"name\":\"%PiercingMaxLevel\",\"objective\":\"ENCHSettings\"},\"color\":\"white\",\"underlined\":false},{\"text\":\")\\\\n\",\"color\":\"white\",\"underlined\":false},{\"text\":\"         \\\\uAE20\\\\n\\\\n\\\\n\\\\n\\\\n\\\\n\\\\nAvailable Items: \\\\uAB11\",\"underlined\":false},{\"text\":\"\\\\n\\\\nNot compatible with Multishot\",\"color\":\"red\",\"underlined\":false}]}},{\"text\":\"• Projectile Protection\\\\n\",\"color\":\"dark_gray\",\"hoverEvent\":{\"action\":\"show_text\",\"contents\":[{\"text\":\"Projectile Protection\",\"underlined\":true},{\"text\":\" (Max Level: \",\"color\":\"white\",\"underlined\":false},{\"score\":{\"name\":\"%ProjectileProtectionMaxLevel\",\"objective\":\"ENCHSettings\"},\"color\":\"white\",\"underlined\":false},{\"text\":\")\\\\n\",\"color\":\"white\",\"underlined\":false},{\"text\":\"             \\\\uAE21\\\\n\\\\n\\\\n\\\\n\\\\n\\\\n\\\\nAvailable Items: \\\\uAB06\\\\uAB07\\\\uAB08\\\\uAB09\\\\uAB13\",\"underlined\":false},{\"text\":\"\\\\n\\\\nNot compatible with Protection,\\\\nFire Protection and Blast\\\\nProtection\",\"underlined\":false,\"color\":\"red\"}]}},{\"text\":\"• Protection\\\\n\",\"color\":\"gray\",\"hoverEvent\":{\"action\":\"show_text\",\"contents\":[{\"text\":\"Protection\",\"underlined\":true},{\"text\":\" (Max Level: \",\"color\":\"white\",\"underlined\":false},{\"score\":{\"name\":\"%ProtectionMaxLevel\",\"objective\":\"ENCHSettings\"},\"color\":\"white\",\"underlined\":false},{\"text\":\")\\\\n\",\"color\":\"white\",\"underlined\":false},{\"text\":\"           \\\\uAE22\\\\n\\\\n\\\\n\\\\n\\\\n\\\\n\\\\nAvailable Items: \\\\uAB06\\\\uAB07\\\\uAB08\\\\uAB09\\\\uAB13\",\"underlined\":false},{\"text\":\"\\\\n\\\\nNot compatible with Projectile\\\\nProtection, Fire Protection\\\\nand Blast Protection\",\"underlined\":false,\"color\":\"red\"}]}}]','[{\"text\":\"\\\\n\\\\n\"},{\"text\":\"• Push\\\\n\",\"color\":\"dark_gray\",\"hoverEvent\":{\"action\":\"show_text\",\"contents\":[{\"text\":\"Knockback & Punch\",\"underlined\":true},{\"text\":\"\\\\n (Max Level: \",\"color\":\"white\",\"underlined\":false},{\"score\":{\"name\":\"%KnockbackMaxLevel\",\"objective\":\"ENCHSettings\"},\"color\":\"white\",\"underlined\":false},{\"text\":\", \",\"color\":\"white\",\"underlined\":false},{\"score\":{\"name\":\"%PunchMaxLevel\",\"objective\":\"ENCHSettings\"},\"color\":\"white\",\"underlined\":false},{\"text\":\")\\\\n\",\"color\":\"white\",\"underlined\":false},{\"text\":\"      \\\\uAE23\\\\n\\\\n\\\\n\\\\n\\\\n\\\\n\\\\nAvailable Items: \\\\uAB01\\\\uAB10\",\"underlined\":false}]}},{\"text\":\"• Respiration\\\\n\",\"color\":\"gray\",\"hoverEvent\":{\"action\":\"show_text\",\"contents\":[{\"text\":\"Respiration\",\"underlined\":true},{\"text\":\" (Max Level: \",\"color\":\"white\",\"underlined\":false},{\"score\":{\"name\":\"%RespirationMaxLevel\",\"objective\":\"ENCHSettings\"},\"color\":\"white\",\"underlined\":false},{\"text\":\")\\\\n\",\"color\":\"white\",\"underlined\":false},{\"text\":\"        \\\\uAE24\\\\n\\\\n\\\\n\\\\n\\\\n\\\\n\\\\nAvailable Items: \\\\uAB06\\\\uAB13\",\"underlined\":false}]}},{\"text\":\"• Riptide\\\\n\",\"color\":\"dark_gray\",\"hoverEvent\":{\"action\":\"show_text\",\"contents\":[{\"text\":\"Riptide\",\"underlined\":true},{\"text\":\" (Max Level: \",\"color\":\"white\",\"underlined\":false},{\"score\":{\"name\":\"%RiptideMaxLevel\",\"objective\":\"ENCHSettings\"},\"color\":\"white\",\"underlined\":false},{\"text\":\")\\\\n\",\"color\":\"white\",\"underlined\":false},{\"text\":\"        \\\\uAE25\\\\n\\\\n\\\\n\\\\n\\\\n\\\\n\\\\nAvailable Items: \\\\uAB12\",\"underlined\":false},{\"text\":\"\\\\n\\\\nNot compatible with Loyalty\\\\nand Channeling\",\"color\":\"red\",\"underlined\":false}]}},{\"text\":\"• Silk Touch\\\\n\",\"color\":\"gray\",\"hoverEvent\":{\"action\":\"show_text\",\"contents\":[{\"text\":\"Silk Touch\\\\n\",\"underlined\":true},{\"text\":\"         \\\\uAE26\\\\n\\\\n\\\\n\\\\n\\\\n\\\\n\\\\nAvailable Items: \\\\uAB02\\\\uAB03\\\\uAB04\\\\uAB05\",\"underlined\":false},{\"text\":\"\\\\n\\\\nNot compatible with Fortune\",\"color\":\"red\",\"underlined\":false}]}},{\"text\":\"• Smite\\\\n\",\"color\":\"dark_gray\",\"hoverEvent\":{\"action\":\"show_text\",\"contents\":[{\"text\":\"Smite\",\"underlined\":true},{\"text\":\" (Max Level: \",\"color\":\"white\",\"underlined\":false},{\"score\":{\"name\":\"%SmiteMaxLevel\",\"objective\":\"ENCHSettings\"},\"color\":\"white\",\"underlined\":false},{\"text\":\")\\\\n\",\"color\":\"white\",\"underlined\":false},{\"text\":\"         \\\\uAE27\\\\n\\\\n\\\\n\\\\n\\\\n\\\\n\\\\nAvailable Items: \\\\uAB01\\\\uAB03\",\"underlined\":false},{\"text\":\"\\\\n\\\\nNot compatible with Bane of\\\\nArthropods and Sharpness\",\"color\":\"red\",\"underlined\":false}]}},{\"text\":\"• Soul Speed\\\\n\",\"color\":\"gray\",\"hoverEvent\":{\"action\":\"show_text\",\"contents\":[{\"text\":\"Soul Speed\",\"underlined\":true},{\"text\":\" (Max Level: \",\"color\":\"white\",\"underlined\":false},{\"score\":{\"name\":\"%SoulSpeedMaxLevel\",\"objective\":\"ENCHSettings\"},\"color\":\"white\",\"underlined\":false},{\"text\":\")\\\\n\",\"color\":\"white\",\"underlined\":false},{\"text\":\"        \\\\uAE28\\\\n\\\\n\\\\n\\\\n\\\\n\\\\n\\\\nAvailable Items: \\\\uAB09\",\"underlined\":false},{\"text\":\"\\\\n\\\\nSoul Soil is also accepted\",\"color\":\"yellow\",\"underlined\":false}]}},{\"text\":\"• Sweeping Edge\\\\n\",\"color\":\"dark_gray\",\"hoverEvent\":{\"action\":\"show_text\",\"contents\":[{\"text\":\"Sweeping Edge\",\"underlined\":true},{\"text\":\"\\\\n(Max Level: \",\"color\":\"white\",\"underlined\":false},{\"score\":{\"name\":\"%SweepingEdgeMaxLevel\",\"objective\":\"ENCHSettings\"},\"color\":\"white\",\"underlined\":false},{\"text\":\")\\\\n\",\"color\":\"white\",\"underlined\":false},{\"text\":\"    \\\\uAE29\\\\n\\\\n\\\\n\\\\n\\\\n\\\\n\\\\nAvailable Items: \\\\uAB01\",\"underlined\":false}]}},{\"text\":\"• Swift Sneak\\\\n\",\"color\":\"gray\",\"hoverEvent\":{\"action\":\"show_text\",\"contents\":[{\"text\":\"Swift Sneak\",\"underlined\":true},{\"text\":\"\\\\n(Max Level: \",\"color\":\"white\",\"underlined\":false},{\"score\":{\"name\":\"%SwiftSneakMaxLevel\",\"objective\":\"ENCHSettings\"},\"color\":\"white\",\"underlined\":false},{\"text\":\")\\\\n\",\"color\":\"white\",\"underlined\":false},{\"text\":\"    \\\\uAE32\\\\n\\\\n\\\\n\\\\n\\\\n\\\\n\\\\nAvailable Items: \\\\uAB08\",\"underlined\":false}]}},{\"text\":\"• Thorns\\\\n\",\"color\":\"dark_gray\",\"hoverEvent\":{\"action\":\"show_text\",\"contents\":[{\"text\":\"Thorns\",\"underlined\":true},{\"text\":\" (Max Level: \",\"color\":\"white\",\"underlined\":false},{\"score\":{\"name\":\"%ThornsMaxLevel\",\"objective\":\"ENCHSettings\"},\"color\":\"white\",\"underlined\":false},{\"text\":\")\\\\n\",\"color\":\"white\",\"underlined\":false},{\"text\":\"           \\\\uAE30\\\\n\\\\n\\\\n\\\\n\\\\n\\\\n\\\\nAvailable Items: \\\\uAB06\\\\uAB07\\\\uAB08\\\\uAB09\\\\uAB13\",\"underlined\":false}]}},{\"text\":\"• Unbreaking\\\\n\",\"color\":\"gray\",\"hoverEvent\":{\"action\":\"show_text\",\"contents\":[{\"text\":\"Unbreaking\",\"underlined\":true},{\"text\":\" (Max Level: \",\"color\":\"white\",\"underlined\":false},{\"score\":{\"name\":\"%UnbreakingMaxLevel\",\"objective\":\"ENCHSettings\"},\"color\":\"white\",\"underlined\":false},{\"text\":\")\\\\n\",\"color\":\"white\",\"underlined\":false},{\"text\":\"               \\\\uAE31\\\\n\\\\n\\\\n\\\\n\\\\n\\\\n\\\\nAvailable Items: All Items with Durability\",\"underlined\":false},{\"text\":\"\\\\n\\\\nNot compatible with Unbreakable\",\"underlined\":false,\"color\":\"red\"}]}}]','[{\"text\":\" \"},{\"text\":\"Custom Enchantments\\\\n\\\\n\",\"color\":\"dark_red\",\"underlined\":true,\"hoverEvent\":{\"action\":\"show_text\",\"contents\":[{\"text\":\"Enchant your items with useful enchantments!\\\\nAll of them require fixed amount of xp\\\\nYou can configure them in the option menu\"}]}},{\"text\":\"• Anti-Gravity\\\\n\",\"color\":\"#AAAAFF\",\"hoverEvent\":{\"action\":\"show_text\",\"contents\":[{\"text\":\"Anti-Gravity\\\\n\",\"color\":\"#AAAAFF\",\"underlined\":true},{\"text\":\"\\\\uAC19 Arrows shot from this\\\\n                 bow won\\'t be affected\\\\n                 by gravity.\\\\n\\\\n                 Works on all arrow\\\\n                 types.\\\\n\\\\nAvailable Items: \\\\uAB10\",\"color\":\"white\",\"underlined\":false},{\"text\":\"\\\\n\\\\nRequires 20 XP Levels\",\"color\":\"green\",\"underlined\":false},{\"text\":\"\\\\n\\\\nArrows will despawn after 30 seconds\",\"underlined\":false,\"color\":\"yellow\"}]}},{\"text\":\"• Autosmelt\\\\n\",\"color\":\"red\",\"hoverEvent\":{\"action\":\"show_text\",\"contents\":[{\"text\":\"Autosmelt\\\\n\",\"color\":\"red\",\"underlined\":true},{\"text\":\"\\\\uAC01 Broken block will be\\\\n                 smelted automatically.\\\\n\\\\n                 Smelted items may\\\\n                 drop experience orbs.\\\\n\\\\n\\\\nAvailable Items: \\\\uAB02\\\\uAB03\\\\uAB04\\\\uAB05\",\"color\":\"white\",\"underlined\":false},{\"text\":\"\\\\n\\\\nRequires 16 XP Levels\",\"color\":\"green\",\"underlined\":false}]}},{\"text\":\"• Beheading\\\\n\",\"color\":\"#85C46F\",\"hoverEvent\":{\"action\":\"show_text\",\"contents\":[{\"text\":\"Beheading\",\"color\":\"#85C46F\",\"underlined\":true},{\"text\":\" (Max Level: \",\"color\":\"white\",\"underlined\":false},{\"score\":{\"name\":\"%BeheadingMaxLevel\",\"objective\":\"ENCHSettings\"},\"color\":\"white\",\"underlined\":false},{\"text\":\")\\\\n\",\"color\":\"white\",\"underlined\":false},{\"text\":\"\\\\uAC02 Killed mob will have a\\\\n                 chance to drop their \\\\n                 head.\\\\n\\\\n                 Only works on vanilla\\\\n                 mobs.\\\\n\\\\nAvailable Items: \\\\uAB03\",\"color\":\"white\",\"underlined\":false},{\"text\":\"\\\\n\\\\nRequires 12 XP Levels\\\\n\\\\n\",\"color\":\"green\",\"underlined\":false},{\"text\":\"Beheading I: \",\"underlined\":false,\"color\":\"#85C46F\"},{\"text\":\"5% Chance\\\\n\",\"color\":\"blue\",\"underlined\":false},{\"text\":\"Beheading II: \",\"underlined\":false,\"color\":\"#85C46F\"},{\"text\":\"10% Chance\\\\n\",\"color\":\"blue\",\"underlined\":false},{\"text\":\"Beheading III: \",\"underlined\":false,\"color\":\"#85C46F\"},{\"text\":\"15% Chance\\\\n\",\"color\":\"blue\",\"underlined\":false},{\"text\":\"Beheading IV: \",\"underlined\":false,\"color\":\"#85C46F\"},{\"text\":\"20% Chance\\\\n\",\"color\":\"blue\",\"underlined\":false},{\"text\":\"Beheading V: \",\"underlined\":false,\"color\":\"#85C46F\"},{\"text\":\"25% Chance\",\"color\":\"blue\",\"underlined\":false}]}},{\"text\":\"• Deflect\\\\n\",\"color\":\"#E0A660\",\"hoverEvent\":{\"action\":\"show_text\",\"contents\":[{\"text\":\"Deflect\",\"color\":\"#E0A660\",\"underlined\":true},{\"text\":\" (Max Level: \",\"color\":\"white\",\"underlined\":false},{\"score\":{\"name\":\"%DeflectMaxLevel\",\"objective\":\"ENCHSettings\"},\"color\":\"white\",\"underlined\":false},{\"text\":\")\\\\n\",\"color\":\"white\",\"underlined\":false},{\"text\":\"\\\\uAC16 Consumes emeralds from\\\\n                 inventory to deflect\\\\n                 damage taken.\\\\n\\\\n                 Has 30 seconds cooldown\\\\n\\\\n\\\\nAvailable Items: \\\\uAB06\\\\uAB07\\\\uAB08\\\\uAB09\\\\uAB13\",\"color\":\"white\",\"underlined\":false},{\"text\":\"\\\\n\\\\nRequires 16 XP Levels\\\\n\\\\n\",\"color\":\"green\",\"underlined\":false},{\"text\":\"Deflect I: \",\"underlined\":false,\"color\":\"#E0A660\"},{\"text\":\"-1 Second Cooldown\\\\n\",\"color\":\"blue\",\"underlined\":false},{\"text\":\"Deflect II: \",\"underlined\":false,\"color\":\"#E0A660\"},{\"text\":\"-2 Seconds Cooldown\\\\n\",\"color\":\"blue\",\"underlined\":false},{\"text\":\"Deflect III: \",\"underlined\":false,\"color\":\"#E0A660\"},{\"text\":\"-3 Seconds Cooldown\\\\n\",\"color\":\"blue\",\"underlined\":false},{\"text\":\"Deflect IV: \",\"underlined\":false,\"color\":\"#E0A660\"},{\"text\":\"-4 Seconds Cooldown\",\"color\":\"blue\",\"underlined\":false}]}},{\"text\":\"• Direct\\\\n\",\"color\":\"dark_aqua\",\"hoverEvent\":{\"action\":\"show_text\",\"contents\":[{\"text\":\"Direct\\\\n\",\"color\":\"dark_aqua\",\"underlined\":true},{\"text\":\"\\\\uAC03 Dropped items\\\\n                 within 32 blocks\\\\n                 will be teleported\\\\n                 to the inventory.\\\\n\\\\n\\\\n\\\\nAvailable Items: \\\\uAB01\\\\uAB02\\\\uAB03\\\\uAB04\\\\uAB05\\\\n\\\\n                     \\\\uAB10\\\\uAB11\\\\uAB12\\\\uAB16\",\"color\":\"white\",\"underlined\":false},{\"text\":\"\\\\n\\\\nRequires 12 XP Levels\",\"color\":\"green\",\"underlined\":false}]}},{\"text\":\"• Experience Boost\\\\n\",\"color\":\"#88FF00\",\"hoverEvent\":{\"action\":\"show_text\",\"contents\":[{\"text\":\"Experience Boost\",\"color\":\"#88FF00\",\"underlined\":true},{\"text\":\" (Max Level: \",\"color\":\"white\",\"underlined\":false},{\"score\":{\"name\":\"%ExperienceBoostMaxLevel\",\"objective\":\"ENCHSettings\"},\"color\":\"white\",\"underlined\":false},{\"text\":\")\\\\n\",\"color\":\"white\",\"underlined\":false},{\"text\":\"\\\\uAC20 Grants a chance to\\\\n                 double the amount of\\\\n                 experience points\\\\n                 given by dropped\\\\n                 experience orbs.\\\\n\\\\n\\\\nAvailable Items: \\\\uAB01\\\\uAB02\\\\uAB03\\\\uAB04\\\\uAB05\",\"color\":\"white\",\"underlined\":false},{\"text\":\"\\\\n\\\\nRequires 20 XP Levels\",\"color\":\"green\",\"underlined\":false},{\"text\":\"\\\\n\\\\nDoesn\\'t work on Ender Dragon\\\\n\\\\n\",\"color\":\"red\",\"underlined\":false},{\"text\":\"Experience Boost I: \",\"underlined\":false,\"color\":\"#88FF00\"},{\"text\":\"15% Chance\\\\n\",\"color\":\"blue\",\"underlined\":false},{\"text\":\"Experience Boost II: \",\"underlined\":false,\"color\":\"#88FF00\"},{\"text\":\"30% Chance\\\\n\",\"color\":\"blue\",\"underlined\":false},{\"text\":\"Experience Boost III: \",\"underlined\":false,\"color\":\"#88FF00\"},{\"text\":\"45% Chance\\\\n\",\"color\":\"blue\",\"underlined\":false},{\"text\":\"Experience Boost IV: \",\"underlined\":false,\"color\":\"#88FF00\"},{\"text\":\"60% Chance\\\\n\",\"color\":\"blue\",\"underlined\":false},{\"text\":\"Experience Boost V: \",\"underlined\":false,\"color\":\"#88FF00\"},{\"text\":\"75% Chance\",\"color\":\"blue\",\"underlined\":false}]}},{\"text\":\"• Eyes of Owl\\\\n\",\"color\":\"dark_purple\",\"hoverEvent\":{\"action\":\"show_text\",\"contents\":[{\"text\":\"Eyes of Owl\\\\n\",\"color\":\"dark_purple\",\"underlined\":true},{\"text\":\"\\\\uAC10 Applies night vision\\\\n                 to your helmet\\\\n\\\\n                 Required potion is\\\\n                 Potion of Night\\\\n                 Vision (8:00)\\\\n\\\\nAvailable Items: \\\\uAB06\\\\uAB13\",\"color\":\"white\",\"underlined\":false},{\"text\":\"\\\\n\\\\nRequires 20 XP Levels\",\"color\":\"green\",\"underlined\":false}]}},{\"text\":\"• Feeding Module\\\\n\",\"color\":\"#FFE000\",\"hoverEvent\":{\"action\":\"show_text\",\"contents\":[{\"text\":\"Feeding Module\\\\n\",\"color\":\"yellow\",\"underlined\":true},{\"text\":\"\\\\uAC04 Feeds you automatically\\\\n\\\\n                 Edible foods will be eaten\\\\n\\\\n                 Has saturation mode to\\\\n                 keep you regenerate\\\\n\\\\nAvailable Items: \\\\uAB06\\\\uAB13\",\"color\":\"white\",\"underlined\":false},{\"text\":\"\\\\n\\\\nRequires 12 XP Levels\",\"color\":\"green\",\"underlined\":false}]}},{\"text\":\"• Health Boost\\\\n\",\"color\":\"#FF689F\",\"hoverEvent\":{\"action\":\"show_text\",\"contents\":[{\"text\":\"Health Boost\",\"color\":\"#FF689F\",\"underlined\":true},{\"text\":\" (Max Level: \",\"color\":\"white\",\"underlined\":false},{\"score\":{\"name\":\"%HealthBoostMaxLevel\",\"objective\":\"ENCHSettings\"},\"color\":\"white\",\"underlined\":false},{\"text\":\")\\\\n\",\"color\":\"white\",\"underlined\":false},{\"text\":\"\\\\uAC18 Increases maximum\\\\n                 health by 1 heart\\\\n\\\\n                 Enchanted Golden Apple\\\\n                 and Potion of Healing II\\\\n                 are required.\\\\n\\\\nAvailable Items: \\\\uAB06\\\\uAB07\\\\uAB08\\\\uAB09\\\\uAB13\\\\uAB14\",\"color\":\"white\",\"underlined\":false},{\"text\":\"\\\\n\\\\nRequires 20 XP Levels\\\\n\\\\n\",\"color\":\"green\",\"underlined\":false},{\"text\":\"Health Boost I: \",\"underlined\":false,\"color\":\"#FF689F\"},{\"text\":\"+1 Heart\\\\n\",\"color\":\"blue\",\"underlined\":false},{\"text\":\"Health Boost II: \",\"underlined\":false,\"color\":\"#FF689F\"},{\"text\":\"+2 Hearts\\\\n\",\"color\":\"blue\",\"underlined\":false},{\"text\":\"Health Boost III: \",\"underlined\":false,\"color\":\"#FF689F\"},{\"text\":\"+3 Hearts\\\\n\",\"color\":\"blue\",\"underlined\":false},{\"text\":\"Health Boost IV: \",\"underlined\":false,\"color\":\"#FF689F\"},{\"text\":\"+4 Hearts\\\\n\",\"color\":\"blue\",\"underlined\":false},{\"text\":\"Health Boost V: \",\"underlined\":false,\"color\":\"#FF689F\"},{\"text\":\"+5 Hearts\",\"color\":\"blue\",\"underlined\":false}]}},{\"text\":\"• Heaven\\'s Lightness\\\\n\",\"color\":\"#DDDDDD\",\"hoverEvent\":{\"action\":\"show_text\",\"contents\":[{\"text\":\"Heaven\\'s Lightness\\\\n\",\"color\":\"#DDDDDD\",\"underlined\":true},{\"text\":\"\\\\uAC08 Applies slow falling\\\\n                 to your chestplate\\\\n\\\\n                 Required potion is\\\\n                 Potion of Slow\\\\n                 Falling (4:00)\\\\n\\\\nAvailable Items: \\\\uAB07\",\"color\":\"white\",\"underlined\":false},{\"text\":\"\\\\n\\\\nRequires 16 XP Levels\",\"color\":\"green\",\"underlined\":false}]}},{\"text\":\"• Icy\\\\n\",\"color\":\"#44BBFF\",\"hoverEvent\":{\"action\":\"show_text\",\"contents\":[{\"text\":\"Icy\",\"color\":\"#44BBFF\",\"underlined\":true},{\"text\":\" (Max Level: \",\"color\":\"white\",\"underlined\":false},{\"score\":{\"name\":\"%IcyMaxLevel\",\"objective\":\"ENCHSettings\"},\"color\":\"white\",\"underlined\":false},{\"text\":\")\\\\n\",\"color\":\"white\",\"underlined\":false},{\"text\":\"\\\\uAC17 Slows down the\\\\n                 enemy by 60%\\\\n\\\\n                 Required potion is\\\\n                 Splash Potion\\\\n                 of Slowness IV\\\\n\\\\nAvailable Items: \\\\uAB01\\\\uAB03\",\"color\":\"white\",\"underlined\":false},{\"text\":\"\\\\n\\\\nRequires 16 XP Levels\\\\n\\\\n\",\"color\":\"green\",\"underlined\":false},{\"text\":\"Also disables jumping for players\\\\n\\\\n\",\"underlined\":false,\"color\":\"yellow\"},{\"text\":\"Icy I: \",\"underlined\":false,\"color\":\"#44BBFF\"},{\"text\":\"Slow down for 1 second\\\\n\",\"color\":\"blue\",\"underlined\":false},{\"text\":\"Icy II: \",\"underlined\":false,\"color\":\"#44BBFF\"},{\"text\":\"Slow down for 2 seconds\\\\n\",\"color\":\"blue\",\"underlined\":false},{\"text\":\"Icy III: \",\"underlined\":false,\"color\":\"#44BBFF\"},{\"text\":\"Slow down for 3 seconds\\\\n\",\"color\":\"blue\",\"underlined\":false},{\"text\":\"Icy IV: \",\"underlined\":false,\"color\":\"#44BBFF\"},{\"text\":\"Slow down for 4 seconds\\\\n\",\"color\":\"blue\",\"underlined\":false},{\"text\":\"Icy V: \",\"underlined\":false,\"color\":\"#44BBFF\"},{\"text\":\"Slow down for 5 seconds\",\"color\":\"blue\",\"underlined\":false}]}}]','[{\"text\":\"• Judgment Shot\\\\n\",\"color\":\"#0000FF\",\"hoverEvent\":{\"action\":\"show_text\",\"contents\":[{\"text\":\"Judgment Shot\\\\n\",\"color\":\"#0000FF\",\"underlined\":true},{\"text\":\"\\\\uAC23 Arrows shot at the\\\\n                 exact time with\\\\n                 full charge gain\\\\n                 increased damage\\\\n                 as they travel\\\\n                 in the air.\\\\n\\\\nAvailable Items: \\\\uAB10\",\"color\":\"white\",\"underlined\":false},{\"text\":\"\\\\n\\\\nRequires 20 XP Levels\",\"color\":\"green\",\"underlined\":false}]}},{\"text\":\"• Lava Walker\\\\n\",\"color\":\"#CC2200\",\"hoverEvent\":{\"action\":\"show_text\",\"contents\":[{\"text\":\"Lava Walker\",\"color\":\"#CC2200\",\"underlined\":true},{\"text\":\" (Max Level: \",\"color\":\"white\",\"underlined\":false},{\"score\":{\"name\":\"%LavaWalkerMaxLevel\",\"objective\":\"ENCHSettings\"},\"color\":\"white\",\"underlined\":false},{\"text\":\")\\\\n\",\"color\":\"white\",\"underlined\":false},{\"text\":\"\\\\uAC21 Turns lava below\\\\n                 your feet into\\\\n                 Basalt blocks.\\\\n\\\\n                 Required block\\\\n                 is Smooth Basalt.\\\\n\\\\nAvailable Items: \\\\uAB09\",\"color\":\"white\",\"underlined\":false},{\"text\":\"\\\\n\\\\nRequires 16 XP Levels\",\"color\":\"green\",\"underlined\":false},{\"text\":\"\\\\n\\\\nLava Walker I: \",\"underlined\":false,\"color\":\"#CC2200\"},{\"text\":\"3 x 3 Area\\\\n\",\"color\":\"blue\",\"underlined\":false},{\"text\":\"Lava Walker II: \",\"underlined\":false,\"color\":\"#CC2200\"},{\"text\":\"5 x 5 Area\\\\n\",\"color\":\"blue\",\"underlined\":false},{\"text\":\"Lava Walker III: \",\"underlined\":false,\"color\":\"#CC2200\"},{\"text\":\"7 x 7 Area\\\\n\\\\n\",\"color\":\"blue\",\"underlined\":false},{\"text\":\"Not compatible with Depth\\\\nStrider and Frost Walker\",\"color\":\"red\",\"underlined\":false}]}},{\"text\":\"• Leaping\\\\n\",\"color\":\"green\",\"hoverEvent\":{\"action\":\"show_text\",\"contents\":[{\"text\":\"Leaping\",\"color\":\"green\",\"underlined\":true},{\"text\":\" (Max Level: \",\"color\":\"white\",\"underlined\":false},{\"score\":{\"name\":\"%LeapingMaxLevel\",\"objective\":\"ENCHSettings\"},\"color\":\"white\",\"underlined\":false},{\"text\":\")\\\\n\",\"color\":\"white\",\"underlined\":false},{\"text\":\"\\\\uAC06 Applies jump boost\\\\n                 to your boots\\\\n\\\\n                 Required potion is\\\\n                 Potion of Leaping II\\\\n\\\\n\\\\nAvailable Items: \\\\uAB09\",\"color\":\"white\",\"underlined\":false},{\"text\":\"\\\\n\\\\nRequires 16 XP Levels\",\"color\":\"green\",\"underlined\":false},{\"text\":\"\\\\n\\\\nLeaping I: \",\"underlined\":false,\"color\":\"green\"},{\"text\":\"Jump 2 Blocks\\\\n\",\"color\":\"blue\",\"underlined\":false},{\"text\":\"Leaping II: \",\"underlined\":false,\"color\":\"green\"},{\"text\":\"Jump 3 Blocks\\\\n\",\"color\":\"blue\",\"underlined\":false},{\"text\":\"Leaping III: \",\"underlined\":false,\"color\":\"green\"},{\"text\":\"Jump 4 Blocks\",\"color\":\"blue\",\"underlined\":false}]}},{\"text\":\"• Lifesteal\\\\n\",\"color\":\"#FF0000\",\"hoverEvent\":{\"action\":\"show_text\",\"contents\":[{\"text\":\"Lifesteal\",\"color\":\"#FF0000\",\"underlined\":true},{\"text\":\" (Max Level: \",\"color\":\"white\",\"underlined\":false},{\"score\":{\"name\":\"%LifestealMaxLevel\",\"objective\":\"ENCHSettings\"},\"color\":\"white\",\"underlined\":false},{\"text\":\")\\\\n\",\"color\":\"white\",\"underlined\":false},{\"text\":\"\\\\uAC07 Get healed after\\\\n                 killing an entity\\\\n\\\\n                 Required potion is\\\\n                 Lingering Potion\\\\n                 of Healing II\\\\n\\\\nAvailable Items: \\\\uAB01\",\"color\":\"white\",\"underlined\":false},{\"text\":\"\\\\n\\\\nRequires 20 XP Levels\",\"color\":\"green\",\"underlined\":false},{\"text\":\"\\\\n\\\\nSimultaneous kills don\\'t stack\\\\n\\\\n\",\"color\":\"red\",\"underlined\":false},{\"text\":\"Lifesteal I: \",\"underlined\":false,\"color\":\"#FF0000\"},{\"text\":\"Heal 0.5 Heart\\\\n\",\"color\":\"blue\",\"underlined\":false},{\"text\":\"Lifesteal II: \",\"underlined\":false,\"color\":\"#FF0000\"},{\"text\":\"Heal 1 Heart\\\\n\",\"color\":\"blue\",\"underlined\":false},{\"text\":\"Lifesteal III: \",\"underlined\":false,\"color\":\"#FF0000\"},{\"text\":\"Heal 1.5 Heart\",\"color\":\"blue\",\"underlined\":false}]}},{\"text\":\"• Lumberjack\\\\n\",\"color\":\"#FFE000\",\"hoverEvent\":{\"action\":\"show_text\",\"contents\":[{\"text\":\"Lumberjack\",\"color\":\"yellow\",\"underlined\":true},{\"text\":\" (Max Level: \",\"color\":\"white\",\"underlined\":false},{\"score\":{\"name\":\"%LumberjackMaxLevel\",\"objective\":\"ENCHSettings\"},\"color\":\"white\",\"underlined\":false},{\"text\":\")\\\\n\",\"color\":\"white\",\"underlined\":false},{\"text\":\"\\\\uAC09 Breaking one log\\\\n                 will break all other\\\\n                 adjacent logs.\",\"color\":\"white\",\"underlined\":false},{\"text\":\"\\\\n\\\\n                 Works on all types\\\\n                 of wood.\\\\n\\\\nAvailable Items: \\\\uAB03\",\"color\":\"white\",\"underlined\":false},{\"text\":\"\\\\n\\\\nRequires 16 XP Levels\",\"color\":\"green\",\"underlined\":false},{\"text\":\"\\\\n\\\\nLumberjack I: \",\"underlined\":false,\"color\":\"yellow\"},{\"text\":\"Breaks 8 Blocks\",\"color\":\"blue\",\"underlined\":false},{\"text\":\"\\\\nLumberjack II: \",\"underlined\":false,\"color\":\"yellow\"},{\"text\":\"Breaks 16 Blocks\",\"color\":\"blue\",\"underlined\":false},{\"text\":\"\\\\nLumberjack III: \",\"underlined\":false,\"color\":\"yellow\"},{\"text\":\"Breaks 32 Blocks\",\"color\":\"blue\",\"underlined\":false},{\"text\":\"\\\\nLumberjack IV: \",\"underlined\":false,\"color\":\"yellow\"},{\"text\":\"Breaks 64 Blocks\",\"color\":\"blue\",\"underlined\":false},{\"text\":\"\\\\nLumberjack V: \",\"underlined\":false,\"color\":\"yellow\"},{\"text\":\"Breaks 128 Blocks\",\"color\":\"blue\",\"underlined\":false},{\"text\":\"\\\\n\\\\nNot compatible with Wide\",\"color\":\"red\",\"underlined\":false}]}},{\"text\":\"• Royal Guard\\\\n\",\"color\":\"#C90033\",\"hoverEvent\":{\"action\":\"show_text\",\"contents\":[{\"text\":\"Royal Guard\\\\n\",\"color\":\"#C90033\",\"underlined\":true},{\"text\":\"\\\\uAC22 Blocking right before\\\\n                 an incoming attack with\\\\n                 perfect timing heals\\\\n                 for 2 hearts and cures\\\\n                 negative effects.\\\\n\\\\n\\\\nAvailable Items: Shield\",\"color\":\"white\",\"underlined\":false},{\"text\":\"\\\\n\\\\nRequires 20 XP Levels\",\"color\":\"green\",\"underlined\":false}]}},{\"text\":\"• Stone Fists\\\\n\",\"color\":\"dark_gray\",\"hoverEvent\":{\"action\":\"show_text\",\"contents\":[{\"text\":\"Stone Fists\",\"color\":\"dark_gray\",\"underlined\":true},{\"text\":\" (Max Level: \",\"color\":\"white\",\"underlined\":false},{\"score\":{\"name\":\"%StoneFistsMaxLevel\",\"objective\":\"ENCHSettings\"},\"color\":\"white\",\"underlined\":false},{\"text\":\")\\\\n\",\"color\":\"white\",\"underlined\":false},{\"text\":\"\\\\uAC05 Increases attack\\\\n                 damage\\\\n\\\\n                 Required potion is\\\\n                 Potion of Strength II\\\\n\\\\n\\\\nAvailable Items: \\\\uAB07\\\\uAB14\",\"color\":\"white\",\"underlined\":false},{\"text\":\"\\\\n\\\\nRequires 16 XP Levels\",\"color\":\"green\",\"underlined\":false},{\"text\":\"\\\\n\\\\nStone Fists I: \",\"underlined\":false,\"color\":\"dark_gray\"},{\"text\":\"+3 Attack Damage\\\\n\",\"color\":\"blue\",\"underlined\":false},{\"text\":\"Stone Fists II: \",\"underlined\":false,\"color\":\"dark_gray\"},{\"text\":\"+6 Attack Damage\\\\n\",\"color\":\"blue\",\"underlined\":false},{\"text\":\"Stone Fists III: \",\"underlined\":false,\"color\":\"dark_gray\"},{\"text\":\"+9 Attack Damage\",\"color\":\"blue\",\"underlined\":false}]}},{\"text\":\"• Thermal Plating\\\\n\",\"color\":\"gold\",\"hoverEvent\":{\"action\":\"show_text\",\"contents\":[{\"text\":\"Thermal Plating\\\\n\",\"color\":\"gold\",\"underlined\":true},{\"text\":\"\\\\uAC11 Applies fire resistance\\\\n                 when all armor pieces\\\\n                 are enchanted\\\\n\\\\n                 Required potion is Potion\\\\n                 of Fire Resistance (8:00)\\\\n\\\\nAvailable Items: \\\\uAB06\\\\uAB07\\\\uAB08\\\\uAB09\\\\uAB13\\\\uAB14\",\"color\":\"white\",\"underlined\":false},{\"text\":\"\\\\n\\\\nRequires 20 XP Levels\",\"color\":\"green\",\"underlined\":false}]}},{\"text\":\"• Traveler\\\\n\",\"color\":\"light_purple\",\"hoverEvent\":{\"action\":\"show_text\",\"contents\":[{\"text\":\"Traveler\",\"color\":\"light_purple\",\"underlined\":true},{\"text\":\" (Max Level: \",\"color\":\"white\",\"underlined\":false},{\"score\":{\"name\":\"%TravelerMaxLevel\",\"objective\":\"ENCHSettings\"},\"color\":\"white\",\"underlined\":false},{\"text\":\")\\\\n\",\"color\":\"white\",\"underlined\":false},{\"text\":\"\\\\uAC12 Increases movement\\\\n                 speed\\\\n\\\\n                 Required potion is\\\\n                 Potion of Swiftness II\\\\n\\\\n\\\\nAvailable Items: \\\\uAB08\",\"color\":\"white\",\"underlined\":false},{\"text\":\"\\\\n\\\\nRequires 16 XP Levels\",\"color\":\"green\",\"underlined\":false},{\"text\":\"\\\\n\\\\nTraveler I: \",\"underlined\":false,\"color\":\"light_purple\"},{\"text\":\"+40% Speed\\\\n\",\"color\":\"blue\",\"underlined\":false},{\"text\":\"Traveler II: \",\"underlined\":false,\"color\":\"light_purple\"},{\"text\":\"+80% Speed\\\\n\",\"color\":\"blue\",\"underlined\":false},{\"text\":\"Traveler III: \",\"underlined\":false,\"color\":\"light_purple\"},{\"text\":\"+120% Speed\",\"color\":\"blue\",\"underlined\":false}]}},{\"text\":\"• Unbreakable\\\\n\",\"color\":\"blue\",\"hoverEvent\":{\"action\":\"show_text\",\"contents\":[{\"text\":\"Unbreakable\\\\n\",\"color\":\"blue\",\"underlined\":true},{\"text\":\"\\\\uAC13 Makes the item\\\\n                 completely unbreakable.\\\\n\\\\n                 Obsidian and Crying\\\\n                 Obsidian are required.\\\\n\\\\n\\\\nAvailable Items: All Items with Durability\",\"color\":\"white\",\"underlined\":false},{\"text\":\"\\\\n\\\\nRequires 20 XP Levels\",\"color\":\"green\",\"underlined\":false},{\"text\":\"\\\\n\\\\nUnbreaking and Mending\\\\nenchantments will be removed\\\\n\\\\nNot compatible with Infinity\",\"color\":\"red\",\"underlined\":false}]}},{\"text\":\"• Vein Miner\\\\n\",\"color\":\"dark_green\",\"hoverEvent\":{\"action\":\"show_text\",\"contents\":[{\"text\":\"Vein Miner\",\"color\":\"dark_green\",\"underlined\":true},{\"text\":\" (Max Level: \",\"color\":\"white\",\"underlined\":false},{\"score\":{\"name\":\"%VeinMinerMaxLevel\",\"objective\":\"ENCHSettings\"},\"color\":\"white\",\"underlined\":false},{\"text\":\")\\\\n\",\"color\":\"white\",\"underlined\":false},{\"text\":\"\\\\uAC14 Breaking one ore\\\\n                 will break all other\\\\n                 same adjacent ores.\\\\n\\\\n                 Also works on\\\\n                 certain blocks.\\\\n\\\\nAvailable Items: \\\\uAB02\",\"color\":\"white\",\"underlined\":false},{\"text\":\"\\\\n\\\\nRequires 16 XP Levels\",\"color\":\"green\",\"underlined\":false},{\"text\":\"\\\\n\\\\nVein Miner I: \",\"underlined\":false,\"color\":\"dark_green\"},{\"text\":\"Breaks 8 Blocks\",\"color\":\"blue\",\"underlined\":false},{\"text\":\"\\\\nVein Miner II: \",\"underlined\":false,\"color\":\"dark_green\"},{\"text\":\"Breaks 16 Blocks\",\"color\":\"blue\",\"underlined\":false},{\"text\":\"\\\\nVein Miner III: \",\"underlined\":false,\"color\":\"dark_green\"},{\"text\":\"Breaks 32 Blocks\",\"color\":\"blue\",\"underlined\":false},{\"text\":\"\\\\nVein Miner IV: \",\"underlined\":false,\"color\":\"dark_green\"},{\"text\":\"Breaks 64 Blocks\",\"color\":\"blue\",\"underlined\":false},{\"text\":\"\\\\nVein Miner V: \",\"underlined\":false,\"color\":\"dark_green\"},{\"text\":\"Breaks 128 Blocks\",\"color\":\"blue\",\"underlined\":false},{\"text\":\"\\\\n\\\\nNot compatible with Wide\",\"color\":\"red\",\"underlined\":false}]}},{\"text\":\"• Void Strike\\\\n\",\"color\":\"#9900FF\",\"hoverEvent\":{\"action\":\"show_text\",\"contents\":[{\"text\":\"Void Strike\\\\n\",\"color\":\"#9900FF\",\"underlined\":true},{\"text\":\"\\\\uAC24 Unleash the true power\\\\n                 of echo shards to slash\\\\n                 foes around you with\\\\n                 incredible speed, leaving\\\\n                 them stuck in place and\\\\n                 dealing massive damage.\\\\n\\\\nAvailable Items: \\\\uAB01\",\"color\":\"white\",\"underlined\":false},{\"text\":\"\\\\n\\\\nBanner Pattern (Snout) is required\",\"color\":\"white\",\"underlined\":false},{\"text\":\"\\\\n\\\\nRequires 20 XP Levels\",\"color\":\"green\",\"underlined\":false},{\"text\":\"\\\\n\\\\nHold Echo Shard in offhand and deal\\\\nany damage to activate. Has 10 blocks\\\\nrange and 1 minute cooldown.\",\"color\":\"yellow\",\"underlined\":false},{\"text\":\"\\\\n\\\\nConsumes an Echo Shard from offhand\",\"color\":\"yellow\",\"underlined\":false}]}},{\"text\":\"• Wide\\\\n\",\"color\":\"aqua\",\"hoverEvent\":{\"action\":\"show_text\",\"contents\":[{\"text\":\"Wide\",\"color\":\"aqua\",\"underlined\":true},{\"text\":\" (Max Level: \",\"color\":\"white\",\"underlined\":false},{\"score\":{\"name\":\"%WideMaxLevel\",\"objective\":\"ENCHSettings\"},\"color\":\"white\",\"underlined\":false},{\"text\":\")\\\\n\",\"color\":\"white\",\"underlined\":false},{\"text\":\"\\\\uAC15 Increases tool range.\\\\n\\\\n                 This also includes\\\\n                 stripping, pathing\\\\n                 and tilling.\\\\n\\\\n\\\\nAvailable Items: \\\\uAB02\\\\uAB03\\\\uAB04\\\\uAB05\\\\uAB16\",\"color\":\"white\",\"underlined\":false},{\"text\":\"\\\\n\\\\nRequires 20 XP Levels\",\"color\":\"green\",\"underlined\":false},{\"text\":\"\\\\n\\\\nWide I: \",\"underlined\":false,\"color\":\"aqua\"},{\"text\":\"3 x 3 Area\\\\n\",\"color\":\"blue\",\"underlined\":false},{\"text\":\"Wide II: \",\"underlined\":false,\"color\":\"aqua\"},{\"text\":\"5 x 5 Area\\\\n\",\"color\":\"blue\",\"underlined\":false},{\"text\":\"Wide III: \",\"underlined\":false,\"color\":\"aqua\"},{\"text\":\"7 x 7 Area\\\\n\\\\n\",\"color\":\"blue\",\"underlined\":false},{\"text\":\"Other two tools must be the\\\\nsame with your item\\\\n\\\\n\",\"color\":\"red\",\"underlined\":false},{\"text\":\"Not compatible with Lumberjack\\\\nand Vein Miner\",\"color\":\"red\",\"underlined\":false}]}}]']}"
						}
					]
				}
			]
		}
	]
}
