{
    "type": "minecraft:command",
    "pools": [
        {
            "rolls": 1,
            "entries": [
                {
                    "type": "minecraft:item",
                    "name": "minecraft:black_stained_glass_pane",
                    "functions": [
                        {
                            "function": "minecraft:set_nbt",
                            "tag": "{display:{Name:'{\"text\":\"\"}'},EnchantmentPlusData:{id:\"output_slot\"},CustomModelData:6960001}"
                        }
                    ]
                }
            ]
        }
    ]
}