{
    "type": "minecraft:command",
    "pools": [
        {
            "rolls": 1,
            "entries": [
                {
                    "type": "minecraft:item",
                    "name": "minecraft:chicken_spawn_egg",
                    "functions": [
                        {
                            "function": "minecraft:set_nbt",
                            "tag": "{EnchantmentPlusData:{id:\"table\",version:2.0d},CustomModelData:6960001,ctc:{id:\"enchantmentplus_table\",from:\"wyvernity:enchantmentplus\",traits:{block:1b}},display:{Name:'{\"text\":\"Enchantment+ Table\",\"color\":\"yellow\",\"italic\":false}',Lore:['{\"text\":\"Version 2.0\",\"color\":\"gray\",\"italic\":false}']},EntityTag:{id:\"minecraft:marker\",Tags:[\"eplus.place\"]}}"
                        }
                    ]
                }
            ]
        }
    ]
}