[
    {
        "condition": "minecraft:alternative",
        "terms": [
            {
                "condition": "minecraft:entity_properties",
                "entity": "this",
                "predicate": {
                    "equipment": {
                        "mainhand": {
                            "tag": "enchantmentplus:swords"
                        }
                    }
                }
            },
            {
                "condition": "minecraft:entity_properties",
                "entity": "this",
                "predicate": {
                    "equipment": {
                        "mainhand": {
                            "tag": "enchantmentplus:pickaxes"
                        }
                    }
                }
            },
            {
                "condition": "minecraft:entity_properties",
                "entity": "this",
                "predicate": {
                    "equipment": {
                        "mainhand": {
                            "tag": "enchantmentplus:axes"
                        }
                    }
                }
            },
            {
                "condition": "minecraft:entity_properties",
                "entity": "this",
                "predicate": {
                    "equipment": {
                        "mainhand": {
                            "tag": "enchantmentplus:shovels"
                        }
                    }
                }
            },
            {
                "condition": "minecraft:entity_properties",
                "entity": "this",
                "predicate": {
                    "equipment": {
                        "mainhand": {
                            "tag": "enchantmentplus:hoes"
                        }
                    }
                }
            }
        ]
    },
    {
        "condition": "minecraft:inverted",
        "term": {
            "condition": "minecraft:entity_properties",
            "entity": "this",
            "predicate": {
                "equipment": {
                    "mainhand": {
                        "nbt": "{EnchantmentPlusData:{ExperienceBoost:1b}}"
                    }
                }
            }
        }
    },
    {
        "condition": "minecraft:inverted",
        "term": {
            "condition": "minecraft:entity_properties",
            "entity": "this",
            "predicate": {
                "equipment": {
                    "mainhand": {
                        "nbt": "{EnchantmentPlusData:{ExperienceBoost:2b}}"
                    }
                }
            }
        }
    },
    {
        "condition": "minecraft:inverted",
        "term": {
            "condition": "minecraft:entity_properties",
            "entity": "this",
            "predicate": {
                "equipment": {
                    "mainhand": {
                        "nbt": "{EnchantmentPlusData:{ExperienceBoost:3b}}"
                    }
                }
            }
        }
    },
    {
        "condition": "minecraft:inverted",
        "term": {
            "condition": "minecraft:entity_properties",
            "entity": "this",
            "predicate": {
                "equipment": {
                    "mainhand": {
                        "nbt": "{EnchantmentPlusData:{ExperienceBoost:4b}}"
                    }
                }
            }
        }
    },
    {
        "condition": "minecraft:inverted",
        "term": {
            "condition": "minecraft:entity_properties",
            "entity": "this",
            "predicate": {
                "equipment": {
                    "mainhand": {
                        "nbt": "{EnchantmentPlusData:{ExperienceBoost:5b}}"
                    }
                }
            }
        }
    }
]