{
  "values": [
    {
      "id": "minecraft:deepslate_coal_ore",
      "required": false
    },
    {
      "id": "minecraft:deepslate_lapis_ore",
      "required": false
    },
    {
      "id": "minecraft:deepslate_redstone_ore",
      "required": false
    },
    {
      "id": "minecraft:deepslate_diamond_ore",
      "required": false
    },
    {
      "id": "minecraft:deepslate_emerald_ore",
      "required": false
    },
    {
      "id": "minecraft:coal_ore",
      "required": false
    },
    {
      "id": "minecraft:lapis_ore",
      "required": false
    },
    {
      "id": "minecraft:redstone_ore",
      "required": false
    },
    {
      "id": "minecraft:diamond_ore",
      "required": false
    },
    {
      "id": "minecraft:emerald_ore",
      "required": false
    },
    {
      "id": "minecraft:nether_quartz_ore",
      "required": false
    },
    {
      "id": "minecraft:nether_gold_ore",
      "required": false
    }
  ]
}
