{
    "parent": "minecraft:item/template_spawn_egg",
    "overrides": [
        {
            "predicate": {
                "custom_model_data": 6960001
            },
            "model": "wyvernity:enchantmentplus/table_item"
        },
        {
            "predicate": {
                "custom_model_data": 6960002
            },
            "model": "wyvernity:enchantmentplus/table_block"
        },
        {
            "predicate": {
                "custom_model_data": 6960003
            },
            "model": "wyvernity:storageplus_barrel"
        }
    ]
}