{
    "parent": "minecraft:item/generated",
    "textures": {
        "layer0": "minecraft:item/paper"
    },
    "overrides": [
        {
            "predicate": {
                "custom_model_data": 6960101
            },
            "model": "wyvernity:coc/cards/overworld/1"
        },
        {
            "predicate": {
                "custom_model_data": 6960102
            },
            "model": "wyvernity:coc/cards/overworld/2"
        },
        {
            "predicate": {
                "custom_model_data": 6960103
            },
            "model": "wyvernity:coc/cards/overworld/3"
        },
        {
            "predicate": {
                "custom_model_data": 6960104
            },
            "model": "wyvernity:coc/cards/overworld/4"
        },
        {
            "predicate": {
                "custom_model_data": 6960105
            },
            "model": "wyvernity:coc/cards/overworld/5"
        },
        {
            "predicate": {
                "custom_model_data": 6960106
            },
            "model": "wyvernity:coc/cards/overworld/6"
        },
        {
            "predicate": {
                "custom_model_data": 6960107
            },
            "model": "wyvernity:coc/cards/overworld/7"
        },
        {
            "predicate": {
                "custom_model_data": 6960108
            },
            "model": "wyvernity:coc/cards/overworld/8"
        },
        {
            "predicate": {
                "custom_model_data": 6960109
            },
            "model": "wyvernity:coc/cards/overworld/9"
        },
        {
            "predicate": {
                "custom_model_data": 6960110
            },
            "model": "wyvernity:coc/cards/overworld/10"
        },
        {
            "predicate": {
                "custom_model_data": 6960111
            },
            "model": "wyvernity:coc/cards/overworld/11"
        },
        {
            "predicate": {
                "custom_model_data": 6960112
            },
            "model": "wyvernity:coc/cards/overworld/12"
        },
        {
            "predicate": {
                "custom_model_data": 6960113
            },
            "model": "wyvernity:coc/cards/overworld/13"
        },
        {
            "predicate": {
                "custom_model_data": 6960114
            },
            "model": "wyvernity:coc/cards/overworld/14"
        },
        {
            "predicate": {
                "custom_model_data": 6960115
            },
            "model": "wyvernity:coc/cards/overworld/15"
        },
        {
            "predicate": {
                "custom_model_data": 6960116
            },
            "model": "wyvernity:coc/cards/overworld/16"
        },
        {
            "predicate": {
                "custom_model_data": 6960117
            },
            "model": "wyvernity:coc/cards/overworld/17"
        },
        {
            "predicate": {
                "custom_model_data": 6960118
            },
            "model": "wyvernity:coc/cards/overworld/18"
        },
        {
            "predicate": {
                "custom_model_data": 6960119
            },
            "model": "wyvernity:coc/cards/overworld/19"
        },
        {
            "predicate": {
                "custom_model_data": 6960120
            },
            "model": "wyvernity:coc/cards/overworld/20"
        },
        {
            "predicate": {
                "custom_model_data": 6960121
            },
            "model": "wyvernity:coc/cards/overworld/21"
        },
        {
            "predicate": {
                "custom_model_data": 6960122
            },
            "model": "wyvernity:coc/cards/overworld/22"
        },
        {
            "predicate": {
                "custom_model_data": 6960123
            },
            "model": "wyvernity:coc/cards/overworld/23"
        },
        {
            "predicate": {
                "custom_model_data": 6960124
            },
            "model": "wyvernity:coc/cards/overworld/24"
        },
        {
            "predicate": {
                "custom_model_data": 6960125
            },
            "model": "wyvernity:coc/cards/overworld/25"
        },
        {
            "predicate": {
                "custom_model_data": 6960126
            },
            "model": "wyvernity:coc/cards/overworld/26"
        },
        {
            "predicate": {
                "custom_model_data": 6960127
            },
            "model": "wyvernity:coc/cards/overworld/27"
        }
    ]
}