[
    {
        "condition": "minecraft:location_check",
        "predicate": {
            "block": {
                "tag": "minecraft:leaves"
            }
        }
    },
    {
        "condition": "minecraft:entity_scores",
        "entity": "this",
        "scores": {
            "ENCHRange": {
                "min": 1
            }
        }
    },
    {
        "condition": "minecraft:entity_scores",
        "entity": "this",
        "scores": {
            "ENCHLeaves": {
                "min": 1
            }
        }
    }
]