[
    {
        "function": "minecraft:set_attributes",
        "modifiers": [
            {
                "attribute": "minecraft:generic.armor",
                "name": "minecraft:generic.armor",
                "amount": 3,
                "operation": "addition",
                "slot": "head"
            },
            {
                "attribute": "minecraft:generic.armor_toughness",
                "name": "minecraft:generic.armor_toughness",
                "amount": 3,
                "operation": "addition",
                "slot": "head"
            },
            {
                "attribute": "minecraft:generic.knockback_resistance",
                "name": "minecraft:generic.knockback_resistance",
                "amount": 0.1,
                "operation": "addition",
                "slot": "head"
            }
        ],
        "conditions": [
            {
                "condition": "minecraft:alternative",
                "terms": [
                    {
                        "condition": "minecraft:location_check",
                        "predicate": {
                            "block": {
                                "nbt": "{Items:[{Slot:15b,id:\"minecraft:netherite_helmet\"}]}"
                            }
                        }
                    },
                    {
                        "condition": "minecraft:entity_properties",
                        "entity": "this",
                        "predicate": {
                            "type": "minecraft:player",
                            "equipment": {
                                "mainhand": {
                                    "items": [
                                        "minecraft:netherite_helmet"
                                    ]
                                }
                            }
                        }
                    }
                ]
            }
        ]
    },
    {
        "function": "minecraft:set_attributes",
        "modifiers": [
            {
                "attribute": "minecraft:generic.armor",
                "name": "minecraft:generic.armor",
                "amount": 3,
                "operation": "addition",
                "slot": "head"
            },
            {
                "attribute": "minecraft:generic.armor_toughness",
                "name": "minecraft:generic.armor_toughness",
                "amount": 2,
                "operation": "addition",
                "slot": "head"
            }
        ],
        "conditions": [
            {
                "condition": "minecraft:alternative",
                "terms": [
                    {
                        "condition": "minecraft:location_check",
                        "predicate": {
                            "block": {
                                "nbt": "{Items:[{Slot:15b,id:\"minecraft:diamond_helmet\"}]}"
                            }
                        }
                    },
                    {
                        "condition": "minecraft:entity_properties",
                        "entity": "this",
                        "predicate": {
                            "type": "minecraft:player",
                            "equipment": {
                                "mainhand": {
                                    "items": [
                                        "minecraft:diamond_helmet"
                                    ]
                                }
                            }
                        }
                    }
                ]
            }
        ]
    },
    {
        "function": "minecraft:set_attributes",
        "modifiers": [
            {
                "attribute": "minecraft:generic.armor",
                "name": "minecraft:generic.armor",
                "amount": 2,
                "operation": "addition",
                "slot": "head"
            }
        ],
        "conditions": [
            {
                "condition": "minecraft:alternative",
                "terms": [
                    {
                        "condition": "minecraft:location_check",
                        "predicate": {
                            "block": {
                                "nbt": "{Items:[{Slot:15b,id:\"minecraft:iron_helmet\"}]}"
                            }
                        }
                    },
                    {
                        "condition": "minecraft:entity_properties",
                        "entity": "this",
                        "predicate": {
                            "type": "minecraft:player",
                            "equipment": {
                                "mainhand": {
                                    "items": [
                                        "minecraft:iron_helmet"
                                    ]
                                }
                            }
                        }
                    }
                ]
            }
        ]
    },
    {
        "function": "minecraft:set_attributes",
        "modifiers": [
            {
                "attribute": "minecraft:generic.armor",
                "name": "minecraft:generic.armor",
                "amount": 2,
                "operation": "addition",
                "slot": "head"
            }
        ],
        "conditions": [
            {
                "condition": "minecraft:alternative",
                "terms": [
                    {
                        "condition": "minecraft:location_check",
                        "predicate": {
                            "block": {
                                "nbt": "{Items:[{Slot:15b,id:\"minecraft:chainmail_helmet\"}]}"
                            }
                        }
                    },
                    {
                        "condition": "minecraft:entity_properties",
                        "entity": "this",
                        "predicate": {
                            "type": "minecraft:player",
                            "equipment": {
                                "mainhand": {
                                    "items": [
                                        "minecraft:chainmail_helmet"
                                    ]
                                }
                            }
                        }
                    }
                ]
            }
        ]
    },
    {
        "function": "minecraft:set_attributes",
        "modifiers": [
            {
                "attribute": "minecraft:generic.armor",
                "name": "minecraft:generic.armor",
                "amount": 2,
                "operation": "addition",
                "slot": "head"
            }
        ],
        "conditions": [
            {
                "condition": "minecraft:alternative",
                "terms": [
                    {
                        "condition": "minecraft:location_check",
                        "predicate": {
                            "block": {
                                "nbt": "{Items:[{Slot:15b,id:\"minecraft:golden_helmet\"}]}"
                            }
                        }
                    },
                    {
                        "condition": "minecraft:entity_properties",
                        "entity": "this",
                        "predicate": {
                            "type": "minecraft:player",
                            "equipment": {
                                "mainhand": {
                                    "items": [
                                        "minecraft:golden_helmet"
                                    ]
                                }
                            }
                        }
                    }
                ]
            }
        ]
    },
    {
        "function": "minecraft:set_attributes",
        "modifiers": [
            {
                "attribute": "minecraft:generic.armor",
                "name": "minecraft:generic.armor",
                "amount": 1,
                "operation": "addition",
                "slot": "head"
            }
        ],
        "conditions": [
            {
                "condition": "minecraft:alternative",
                "terms": [
                    {
                        "condition": "minecraft:location_check",
                        "predicate": {
                            "block": {
                                "nbt": "{Items:[{Slot:15b,id:\"minecraft:leather_helmet\"}]}"
                            }
                        }
                    },
                    {
                        "condition": "minecraft:entity_properties",
                        "entity": "this",
                        "predicate": {
                            "type": "minecraft:player",
                            "equipment": {
                                "mainhand": {
                                    "items": [
                                        "minecraft:leather_helmet"
                                    ]
                                }
                            }
                        }
                    }
                ]
            }
        ]
    },
    {
        "function": "minecraft:set_attributes",
        "modifiers": [
            {
                "attribute": "minecraft:generic.armor",
                "name": "minecraft:generic.armor",
                "amount": 2,
                "operation": "addition",
                "slot": "head"
            }
        ],
        "conditions": [
            {
                "condition": "minecraft:alternative",
                "terms": [
                    {
                        "condition": "minecraft:location_check",
                        "predicate": {
                            "block": {
                                "nbt": "{Items:[{Slot:15b,id:\"minecraft:turtle_helmet\"}]}"
                            }
                        }
                    },
                    {
                        "condition": "minecraft:entity_properties",
                        "entity": "this",
                        "predicate": {
                            "type": "minecraft:player",
                            "equipment": {
                                "mainhand": {
                                    "items": [
                                        "minecraft:turtle_helmet"
                                    ]
                                }
                            }
                        }
                    }
                ]
            }
        ]
    },
    {
        "function": "minecraft:set_attributes",
        "modifiers": [
            {
                "attribute": "minecraft:generic.armor",
                "name": "minecraft:generic.armor",
                "amount": 8,
                "operation": "addition",
                "slot": "chest"
            },
            {
                "attribute": "minecraft:generic.armor_toughness",
                "name": "minecraft:generic.armor_toughness",
                "amount": 3,
                "operation": "addition",
                "slot": "chest"
            },
            {
                "attribute": "minecraft:generic.knockback_resistance",
                "name": "minecraft:generic.knockback_resistance",
                "amount": 0.1,
                "operation": "addition",
                "slot": "chest"
            }
        ],
        "conditions": [
            {
                "condition": "minecraft:alternative",
                "terms": [
                    {
                        "condition": "minecraft:location_check",
                        "predicate": {
                            "block": {
                                "nbt": "{Items:[{Slot:15b,id:\"minecraft:netherite_chestplate\"}]}"
                            }
                        }
                    },
                    {
                        "condition": "minecraft:entity_properties",
                        "entity": "this",
                        "predicate": {
                            "type": "minecraft:player",
                            "equipment": {
                                "mainhand": {
                                    "items": [
                                        "minecraft:netherite_chestplate"
                                    ]
                                }
                            }
                        }
                    }
                ]
            }
        ]
    },
    {
        "function": "minecraft:set_attributes",
        "modifiers": [
            {
                "attribute": "minecraft:generic.armor",
                "name": "minecraft:generic.armor",
                "amount": 8,
                "operation": "addition",
                "slot": "chest"
            },
            {
                "attribute": "minecraft:generic.armor_toughness",
                "name": "minecraft:generic.armor_toughness",
                "amount": 2,
                "operation": "addition",
                "slot": "chest"
            }
        ],
        "conditions": [
            {
                "condition": "minecraft:alternative",
                "terms": [
                    {
                        "condition": "minecraft:location_check",
                        "predicate": {
                            "block": {
                                "nbt": "{Items:[{Slot:15b,id:\"minecraft:diamond_chestplate\"}]}"
                            }
                        }
                    },
                    {
                        "condition": "minecraft:entity_properties",
                        "entity": "this",
                        "predicate": {
                            "type": "minecraft:player",
                            "equipment": {
                                "mainhand": {
                                    "items": [
                                        "minecraft:diamond_chestplate"
                                    ]
                                }
                            }
                        }
                    }
                ]
            }
        ]
    },
    {
        "function": "minecraft:set_attributes",
        "modifiers": [
            {
                "attribute": "minecraft:generic.armor",
                "name": "minecraft:generic.armor",
                "amount": 6,
                "operation": "addition",
                "slot": "chest"
            }
        ],
        "conditions": [
            {
                "condition": "minecraft:alternative",
                "terms": [
                    {
                        "condition": "minecraft:location_check",
                        "predicate": {
                            "block": {
                                "nbt": "{Items:[{Slot:15b,id:\"minecraft:iron_chestplate\"}]}"
                            }
                        }
                    },
                    {
                        "condition": "minecraft:entity_properties",
                        "entity": "this",
                        "predicate": {
                            "type": "minecraft:player",
                            "equipment": {
                                "mainhand": {
                                    "items": [
                                        "minecraft:iron_chestplate"
                                    ]
                                }
                            }
                        }
                    }
                ]
            }
        ]
    },
    {
        "function": "minecraft:set_attributes",
        "modifiers": [
            {
                "attribute": "minecraft:generic.armor",
                "name": "minecraft:generic.armor",
                "amount": 5,
                "operation": "addition",
                "slot": "chest"
            }
        ],
        "conditions": [
            {
                "condition": "minecraft:alternative",
                "terms": [
                    {
                        "condition": "minecraft:location_check",
                        "predicate": {
                            "block": {
                                "nbt": "{Items:[{Slot:15b,id:\"minecraft:chainmail_chestplate\"}]}"
                            }
                        }
                    },
                    {
                        "condition": "minecraft:entity_properties",
                        "entity": "this",
                        "predicate": {
                            "type": "minecraft:player",
                            "equipment": {
                                "mainhand": {
                                    "items": [
                                        "minecraft:chainmail_chestplate"
                                    ]
                                }
                            }
                        }
                    }
                ]
            }
        ]
    },
    {
        "function": "minecraft:set_attributes",
        "modifiers": [
            {
                "attribute": "minecraft:generic.armor",
                "name": "minecraft:generic.armor",
                "amount": 5,
                "operation": "addition",
                "slot": "chest"
            }
        ],
        "conditions": [
            {
                "condition": "minecraft:alternative",
                "terms": [
                    {
                        "condition": "minecraft:location_check",
                        "predicate": {
                            "block": {
                                "nbt": "{Items:[{Slot:15b,id:\"minecraft:golden_chestplate\"}]}"
                            }
                        }
                    },
                    {
                        "condition": "minecraft:entity_properties",
                        "entity": "this",
                        "predicate": {
                            "type": "minecraft:player",
                            "equipment": {
                                "mainhand": {
                                    "items": [
                                        "minecraft:golden_chestplate"
                                    ]
                                }
                            }
                        }
                    }
                ]
            }
        ]
    },
    {
        "function": "minecraft:set_attributes",
        "modifiers": [
            {
                "attribute": "minecraft:generic.armor",
                "name": "minecraft:generic.armor",
                "amount": 3,
                "operation": "addition",
                "slot": "chest"
            }
        ],
        "conditions": [
            {
                "condition": "minecraft:alternative",
                "terms": [
                    {
                        "condition": "minecraft:location_check",
                        "predicate": {
                            "block": {
                                "nbt": "{Items:[{Slot:15b,id:\"minecraft:leather_chestplate\"}]}"
                            }
                        }
                    },
                    {
                        "condition": "minecraft:entity_properties",
                        "entity": "this",
                        "predicate": {
                            "type": "minecraft:player",
                            "equipment": {
                                "mainhand": {
                                    "items": [
                                        "minecraft:leather_chestplate"
                                    ]
                                }
                            }
                        }
                    }
                ]
            }
        ]
    },
    {
        "function": "minecraft:set_attributes",
        "modifiers": [
            {
                "attribute": "minecraft:generic.armor",
                "name": "minecraft:generic.armor",
                "amount": 6,
                "operation": "addition",
                "slot": "legs"
            },
            {
                "attribute": "minecraft:generic.armor_toughness",
                "name": "minecraft:generic.armor_toughness",
                "amount": 3,
                "operation": "addition",
                "slot": "legs"
            },
            {
                "attribute": "minecraft:generic.knockback_resistance",
                "name": "minecraft:generic.knockback_resistance",
                "amount": 0.1,
                "operation": "addition",
                "slot": "legs"
            }
        ],
        "conditions": [
            {
                "condition": "minecraft:alternative",
                "terms": [
                    {
                        "condition": "minecraft:location_check",
                        "predicate": {
                            "block": {
                                "nbt": "{Items:[{Slot:15b,id:\"minecraft:netherite_leggings\"}]}"
                            }
                        }
                    },
                    {
                        "condition": "minecraft:entity_properties",
                        "entity": "this",
                        "predicate": {
                            "type": "minecraft:player",
                            "equipment": {
                                "mainhand": {
                                    "items": [
                                        "minecraft:netherite_leggings"
                                    ]
                                }
                            }
                        }
                    }
                ]
            }
        ]
    },
    {
        "function": "minecraft:set_attributes",
        "modifiers": [
            {
                "attribute": "minecraft:generic.armor",
                "name": "minecraft:generic.armor",
                "amount": 6,
                "operation": "addition",
                "slot": "legs"
            },
            {
                "attribute": "minecraft:generic.armor_toughness",
                "name": "minecraft:generic.armor_toughness",
                "amount": 2,
                "operation": "addition",
                "slot": "legs"
            }
        ],
        "conditions": [
            {
                "condition": "minecraft:alternative",
                "terms": [
                    {
                        "condition": "minecraft:location_check",
                        "predicate": {
                            "block": {
                                "nbt": "{Items:[{Slot:15b,id:\"minecraft:diamond_leggings\"}]}"
                            }
                        }
                    },
                    {
                        "condition": "minecraft:entity_properties",
                        "entity": "this",
                        "predicate": {
                            "type": "minecraft:player",
                            "equipment": {
                                "mainhand": {
                                    "items": [
                                        "minecraft:diamond_leggings"
                                    ]
                                }
                            }
                        }
                    }
                ]
            }
        ]
    },
    {
        "function": "minecraft:set_attributes",
        "modifiers": [
            {
                "attribute": "minecraft:generic.armor",
                "name": "minecraft:generic.armor",
                "amount": 5,
                "operation": "addition",
                "slot": "legs"
            }
        ],
        "conditions": [
            {
                "condition": "minecraft:alternative",
                "terms": [
                    {
                        "condition": "minecraft:location_check",
                        "predicate": {
                            "block": {
                                "nbt": "{Items:[{Slot:15b,id:\"minecraft:iron_leggings\"}]}"
                            }
                        }
                    },
                    {
                        "condition": "minecraft:entity_properties",
                        "entity": "this",
                        "predicate": {
                            "type": "minecraft:player",
                            "equipment": {
                                "mainhand": {
                                    "items": [
                                        "minecraft:iron_leggings"
                                    ]
                                }
                            }
                        }
                    }
                ]
            }
        ]
    },
    {
        "function": "minecraft:set_attributes",
        "modifiers": [
            {
                "attribute": "minecraft:generic.armor",
                "name": "minecraft:generic.armor",
                "amount": 4,
                "operation": "addition",
                "slot": "legs"
            }
        ],
        "conditions": [
            {
                "condition": "minecraft:alternative",
                "terms": [
                    {
                        "condition": "minecraft:location_check",
                        "predicate": {
                            "block": {
                                "nbt": "{Items:[{Slot:15b,id:\"minecraft:chainmail_leggings\"}]}"
                            }
                        }
                    },
                    {
                        "condition": "minecraft:entity_properties",
                        "entity": "this",
                        "predicate": {
                            "type": "minecraft:player",
                            "equipment": {
                                "mainhand": {
                                    "items": [
                                        "minecraft:chainmail_leggings"
                                    ]
                                }
                            }
                        }
                    }
                ]
            }
        ]
    },
    {
        "function": "minecraft:set_attributes",
        "modifiers": [
            {
                "attribute": "minecraft:generic.armor",
                "name": "minecraft:generic.armor",
                "amount": 3,
                "operation": "addition",
                "slot": "legs"
            }
        ],
        "conditions": [
            {
                "condition": "minecraft:alternative",
                "terms": [
                    {
                        "condition": "minecraft:location_check",
                        "predicate": {
                            "block": {
                                "nbt": "{Items:[{Slot:15b,id:\"minecraft:golden_leggings\"}]}"
                            }
                        }
                    },
                    {
                        "condition": "minecraft:entity_properties",
                        "entity": "this",
                        "predicate": {
                            "type": "minecraft:player",
                            "equipment": {
                                "mainhand": {
                                    "items": [
                                        "minecraft:golden_leggings"
                                    ]
                                }
                            }
                        }
                    }
                ]
            }
        ]
    },
    {
        "function": "minecraft:set_attributes",
        "modifiers": [
            {
                "attribute": "minecraft:generic.armor",
                "name": "minecraft:generic.armor",
                "amount": 2,
                "operation": "addition",
                "slot": "legs"
            }
        ],
        "conditions": [
            {
                "condition": "minecraft:alternative",
                "terms": [
                    {
                        "condition": "minecraft:location_check",
                        "predicate": {
                            "block": {
                                "nbt": "{Items:[{Slot:15b,id:\"minecraft:leather_leggings\"}]}"
                            }
                        }
                    },
                    {
                        "condition": "minecraft:entity_properties",
                        "entity": "this",
                        "predicate": {
                            "type": "minecraft:player",
                            "equipment": {
                                "mainhand": {
                                    "items": [
                                        "minecraft:leather_leggings"
                                    ]
                                }
                            }
                        }
                    }
                ]
            }
        ]
    },
    {
        "function": "minecraft:set_attributes",
        "modifiers": [
            {
                "attribute": "minecraft:generic.armor",
                "name": "minecraft:generic.armor",
                "amount": 3,
                "operation": "addition",
                "slot": "feet"
            },
            {
                "attribute": "minecraft:generic.armor_toughness",
                "name": "minecraft:generic.armor_toughness",
                "amount": 3,
                "operation": "addition",
                "slot": "feet"
            },
            {
                "attribute": "minecraft:generic.knockback_resistance",
                "name": "minecraft:generic.knockback_resistance",
                "amount": 0.1,
                "operation": "addition",
                "slot": "feet"
            }
        ],
        "conditions": [
            {
                "condition": "minecraft:alternative",
                "terms": [
                    {
                        "condition": "minecraft:location_check",
                        "predicate": {
                            "block": {
                                "nbt": "{Items:[{Slot:15b,id:\"minecraft:netherite_boots\"}]}"
                            }
                        }
                    },
                    {
                        "condition": "minecraft:entity_properties",
                        "entity": "this",
                        "predicate": {
                            "type": "minecraft:player",
                            "equipment": {
                                "mainhand": {
                                    "items": [
                                        "minecraft:netherite_boots"
                                    ]
                                }
                            }
                        }
                    }
                ]
            }
        ]
    },
    {
        "function": "minecraft:set_attributes",
        "modifiers": [
            {
                "attribute": "minecraft:generic.armor",
                "name": "minecraft:generic.armor",
                "amount": 3,
                "operation": "addition",
                "slot": "feet"
            },
            {
                "attribute": "minecraft:generic.armor_toughness",
                "name": "minecraft:generic.armor_toughness",
                "amount": 2,
                "operation": "addition",
                "slot": "feet"
            }
        ],
        "conditions": [
            {
                "condition": "minecraft:alternative",
                "terms": [
                    {
                        "condition": "minecraft:location_check",
                        "predicate": {
                            "block": {
                                "nbt": "{Items:[{Slot:15b,id:\"minecraft:diamond_boots\"}]}"
                            }
                        }
                    },
                    {
                        "condition": "minecraft:entity_properties",
                        "entity": "this",
                        "predicate": {
                            "type": "minecraft:player",
                            "equipment": {
                                "mainhand": {
                                    "items": [
                                        "minecraft:diamond_boots"
                                    ]
                                }
                            }
                        }
                    }
                ]
            }
        ]
    },
    {
        "function": "minecraft:set_attributes",
        "modifiers": [
            {
                "attribute": "minecraft:generic.armor",
                "name": "minecraft:generic.armor",
                "amount": 2,
                "operation": "addition",
                "slot": "feet"
            }
        ],
        "conditions": [
            {
                "condition": "minecraft:alternative",
                "terms": [
                    {
                        "condition": "minecraft:location_check",
                        "predicate": {
                            "block": {
                                "nbt": "{Items:[{Slot:15b,id:\"minecraft:iron_boots\"}]}"
                            }
                        }
                    },
                    {
                        "condition": "minecraft:entity_properties",
                        "entity": "this",
                        "predicate": {
                            "type": "minecraft:player",
                            "equipment": {
                                "mainhand": {
                                    "items": [
                                        "minecraft:iron_boots"
                                    ]
                                }
                            }
                        }
                    }
                ]
            }
        ]
    },
    {
        "function": "minecraft:set_attributes",
        "modifiers": [
            {
                "attribute": "minecraft:generic.armor",
                "name": "minecraft:generic.armor",
                "amount": 1,
                "operation": "addition",
                "slot": "feet"
            }
        ],
        "conditions": [
            {
                "condition": "minecraft:alternative",
                "terms": [
                    {
                        "condition": "minecraft:location_check",
                        "predicate": {
                            "block": {
                                "nbt": "{Items:[{Slot:15b,id:\"minecraft:chainmail_boots\"}]}"
                            }
                        }
                    },
                    {
                        "condition": "minecraft:entity_properties",
                        "entity": "this",
                        "predicate": {
                            "type": "minecraft:player",
                            "equipment": {
                                "mainhand": {
                                    "items": [
                                        "minecraft:chainmail_boots"
                                    ]
                                }
                            }
                        }
                    }
                ]
            }
        ]
    },
    {
        "function": "minecraft:set_attributes",
        "modifiers": [
            {
                "attribute": "minecraft:generic.armor",
                "name": "minecraft:generic.armor",
                "amount": 1,
                "operation": "addition",
                "slot": "feet"
            }
        ],
        "conditions": [
            {
                "condition": "minecraft:alternative",
                "terms": [
                    {
                        "condition": "minecraft:location_check",
                        "predicate": {
                            "block": {
                                "nbt": "{Items:[{Slot:15b,id:\"minecraft:golden_boots\"}]}"
                            }
                        }
                    },
                    {
                        "condition": "minecraft:entity_properties",
                        "entity": "this",
                        "predicate": {
                            "type": "minecraft:player",
                            "equipment": {
                                "mainhand": {
                                    "items": [
                                        "minecraft:golden_boots"
                                    ]
                                }
                            }
                        }
                    }
                ]
            }
        ]
    },
    {
        "function": "minecraft:set_attributes",
        "modifiers": [
            {
                "attribute": "minecraft:generic.armor",
                "name": "minecraft:generic.armor",
                "amount": 1,
                "operation": "addition",
                "slot": "feet"
            }
        ],
        "conditions": [
            {
                "condition": "minecraft:alternative",
                "terms": [
                    {
                        "condition": "minecraft:location_check",
                        "predicate": {
                            "block": {
                                "nbt": "{Items:[{Slot:15b,id:\"minecraft:leather_boots\"}]}"
                            }
                        }
                    },
                    {
                        "condition": "minecraft:entity_properties",
                        "entity": "this",
                        "predicate": {
                            "type": "minecraft:player",
                            "equipment": {
                                "mainhand": {
                                    "items": [
                                        "minecraft:leather_boots"
                                    ]
                                }
                            }
                        }
                    }
                ]
            }
        ]
    }
]