{
	"credit": "Made with Blockbench",
	"textures": {
		"0": "custom_blocks/totem_of_undying_ankh",
		"particle": "custom_blocks/totem_of_undying_ankh"
	},
	"elements": [
		{
			"from": [7, 0, 8],
			"to": [8, 1, 9],
			"faces": {
				"north": {"uv": [5, 2, 6, 3], "texture": "#0"},
				"east": {"uv": [5, 2, 6, 3], "texture": "#0"},
				"south": {"uv": [5, 2, 6, 3], "texture": "#0"},
				"west": {"uv": [5, 2, 6, 3], "texture": "#0"},
				"up": {"uv": [5, 2, 6, 3], "texture": "#0"},
				"down": {"uv": [5, 2, 6, 3], "texture": "#0"}
			}
		},
		{
			"from": [8, 0, 8],
			"to": [9, 1, 9],
			"faces": {
				"north": {"uv": [5, 7, 6, 8], "texture": "#0"},
				"east": {"uv": [5, 7, 6, 8], "texture": "#0"},
				"south": {"uv": [5, 7, 6, 8], "texture": "#0"},
				"west": {"uv": [5, 7, 6, 8], "texture": "#0"},
				"up": {"uv": [5, 7, 6, 8], "texture": "#0"},
				"down": {"uv": [5, 7, 6, 8], "texture": "#0"}
			}
		},
		{
			"from": [7, 1, 8],
			"to": [8, 2, 9],
			"faces": {
				"north": {"uv": [5, 4, 6, 5], "texture": "#0"},
				"east": {"uv": [5, 4, 6, 5], "texture": "#0"},
				"south": {"uv": [5, 4, 6, 5], "texture": "#0"},
				"west": {"uv": [5, 4, 6, 5], "texture": "#0"},
				"up": {"uv": [5, 4, 6, 5], "texture": "#0"},
				"down": {"uv": [5, 4, 6, 5], "texture": "#0"}
			}
		},
		{
			"from": [8, 1, 8],
			"to": [9, 2, 9],
			"faces": {
				"north": {"uv": [5, 7, 6, 8], "texture": "#0"},
				"east": {"uv": [5, 7, 6, 8], "texture": "#0"},
				"south": {"uv": [5, 7, 6, 8], "texture": "#0"},
				"west": {"uv": [5, 7, 6, 8], "texture": "#0"},
				"up": {"uv": [5, 7, 6, 8], "texture": "#0"},
				"down": {"uv": [5, 7, 6, 8], "texture": "#0"}
			}
		},
		{
			"from": [7, 2, 8],
			"to": [8, 3, 9],
			"faces": {
				"north": {"uv": [5, 2, 6, 3], "texture": "#0"},
				"east": {"uv": [5, 2, 6, 3], "texture": "#0"},
				"south": {"uv": [5, 2, 6, 3], "texture": "#0"},
				"west": {"uv": [5, 2, 6, 3], "texture": "#0"},
				"up": {"uv": [5, 2, 6, 3], "texture": "#0"},
				"down": {"uv": [5, 2, 6, 3], "texture": "#0"}
			}
		},
		{
			"from": [8, 2, 8],
			"to": [9, 3, 9],
			"faces": {
				"north": {"uv": [5, 4, 6, 5], "texture": "#0"},
				"east": {"uv": [5, 4, 6, 5], "texture": "#0"},
				"south": {"uv": [5, 4, 6, 5], "texture": "#0"},
				"west": {"uv": [5, 4, 6, 5], "texture": "#0"},
				"up": {"uv": [5, 4, 6, 5], "texture": "#0"},
				"down": {"uv": [5, 4, 6, 5], "texture": "#0"}
			}
		},
		{
			"from": [7, 3, 8],
			"to": [8, 4, 9],
			"faces": {
				"north": {"uv": [5, 7, 6, 8], "texture": "#0"},
				"east": {"uv": [5, 7, 6, 8], "texture": "#0"},
				"south": {"uv": [5, 7, 6, 8], "texture": "#0"},
				"west": {"uv": [5, 7, 6, 8], "texture": "#0"},
				"up": {"uv": [5, 7, 6, 8], "texture": "#0"},
				"down": {"uv": [5, 7, 6, 8], "texture": "#0"}
			}
		},
		{
			"from": [8, 3, 8],
			"to": [9, 4, 9],
			"faces": {
				"north": {"uv": [5, 7, 6, 8], "texture": "#0"},
				"east": {"uv": [5, 7, 6, 8], "texture": "#0"},
				"south": {"uv": [5, 7, 6, 8], "texture": "#0"},
				"west": {"uv": [5, 7, 6, 8], "texture": "#0"},
				"up": {"uv": [5, 7, 6, 8], "texture": "#0"},
				"down": {"uv": [5, 7, 6, 8], "texture": "#0"}
			}
		},
		{
			"from": [6, 4, 8],
			"to": [7, 5, 9],
			"faces": {
				"north": {"uv": [6, 13, 7, 14], "texture": "#0"},
				"east": {"uv": [6, 13, 7, 14], "texture": "#0"},
				"south": {"uv": [6, 13, 7, 14], "texture": "#0"},
				"west": {"uv": [6, 13, 7, 14], "texture": "#0"},
				"up": {"uv": [6, 13, 7, 14], "texture": "#0"},
				"down": {"uv": [6, 13, 7, 14], "texture": "#0"}
			}
		},
		{
			"from": [6, 3, 8],
			"to": [7, 4, 9],
			"faces": {
				"north": {"uv": [11, 4, 12, 5], "texture": "#0"},
				"east": {"uv": [11, 4, 12, 5], "texture": "#0"},
				"south": {"uv": [11, 4, 12, 5], "texture": "#0"},
				"west": {"uv": [11, 4, 12, 5], "texture": "#0"},
				"up": {"uv": [11, 4, 12, 5], "texture": "#0"},
				"down": {"uv": [11, 4, 12, 5], "texture": "#0"}
			}
		},
		{
			"from": [6, 2, 8],
			"to": [7, 3, 9],
			"faces": {
				"north": {"uv": [11, 4, 12, 5], "texture": "#0"},
				"east": {"uv": [11, 4, 12, 5], "texture": "#0"},
				"south": {"uv": [11, 4, 12, 5], "texture": "#0"},
				"west": {"uv": [11, 4, 12, 5], "texture": "#0"},
				"up": {"uv": [11, 4, 12, 5], "texture": "#0"},
				"down": {"uv": [11, 4, 12, 5], "texture": "#0"}
			}
		},
		{
			"from": [6, 1, 8],
			"to": [7, 2, 9],
			"faces": {
				"north": {"uv": [11, 4, 12, 5], "texture": "#0"},
				"east": {"uv": [11, 4, 12, 5], "texture": "#0"},
				"south": {"uv": [11, 4, 12, 5], "texture": "#0"},
				"west": {"uv": [11, 4, 12, 5], "texture": "#0"},
				"up": {"uv": [11, 4, 12, 5], "texture": "#0"},
				"down": {"uv": [11, 4, 12, 5], "texture": "#0"}
			}
		},
		{
			"from": [6, 0, 8],
			"to": [7, 1, 9],
			"faces": {
				"north": {"uv": [11, 4, 12, 5], "texture": "#0"},
				"east": {"uv": [11, 4, 12, 5], "texture": "#0"},
				"south": {"uv": [11, 4, 12, 5], "texture": "#0"},
				"west": {"uv": [11, 4, 12, 5], "texture": "#0"},
				"up": {"uv": [11, 4, 12, 5], "texture": "#0"},
				"down": {"uv": [11, 4, 12, 5], "texture": "#0"}
			}
		},
		{
			"from": [7, 4, 8],
			"to": [8, 5, 9],
			"faces": {
				"north": {"uv": [5, 2, 6, 3], "texture": "#0"},
				"east": {"uv": [5, 2, 6, 3], "texture": "#0"},
				"south": {"uv": [5, 2, 6, 3], "texture": "#0"},
				"west": {"uv": [5, 2, 6, 3], "texture": "#0"},
				"up": {"uv": [5, 2, 6, 3], "texture": "#0"},
				"down": {"uv": [5, 2, 6, 3], "texture": "#0"}
			}
		},
		{
			"from": [8, 4, 8],
			"to": [9, 5, 9],
			"faces": {
				"north": {"uv": [5, 4, 6, 5], "texture": "#0"},
				"east": {"uv": [5, 4, 6, 5], "texture": "#0"},
				"south": {"uv": [5, 4, 6, 5], "texture": "#0"},
				"west": {"uv": [5, 4, 6, 5], "texture": "#0"},
				"up": {"uv": [5, 4, 6, 5], "texture": "#0"},
				"down": {"uv": [5, 4, 6, 5], "texture": "#0"}
			}
		},
		{
			"from": [9, 4, 8],
			"to": [10, 5, 9],
			"faces": {
				"north": {"uv": [5, 7, 6, 8], "texture": "#0"},
				"east": {"uv": [5, 7, 6, 8], "texture": "#0"},
				"south": {"uv": [5, 7, 6, 8], "texture": "#0"},
				"west": {"uv": [5, 7, 6, 8], "texture": "#0"},
				"up": {"uv": [5, 7, 6, 8], "texture": "#0"},
				"down": {"uv": [5, 7, 6, 8], "texture": "#0"}
			}
		},
		{
			"from": [9, 3, 8],
			"to": [10, 4, 9],
			"faces": {
				"north": {"uv": [11, 4, 12, 5], "texture": "#0"},
				"east": {"uv": [11, 4, 12, 5], "texture": "#0"},
				"south": {"uv": [11, 4, 12, 5], "texture": "#0"},
				"west": {"uv": [11, 4, 12, 5], "texture": "#0"},
				"up": {"uv": [11, 4, 12, 5], "texture": "#0"},
				"down": {"uv": [11, 4, 12, 5], "texture": "#0"}
			}
		},
		{
			"from": [9, 2, 8],
			"to": [10, 3, 9],
			"faces": {
				"north": {"uv": [11, 4, 12, 5], "texture": "#0"},
				"east": {"uv": [11, 4, 12, 5], "texture": "#0"},
				"south": {"uv": [11, 4, 12, 5], "texture": "#0"},
				"west": {"uv": [11, 4, 12, 5], "texture": "#0"},
				"up": {"uv": [11, 4, 12, 5], "texture": "#0"},
				"down": {"uv": [11, 4, 12, 5], "texture": "#0"}
			}
		},
		{
			"from": [9, 1, 8],
			"to": [10, 2, 9],
			"faces": {
				"north": {"uv": [11, 4, 12, 5], "texture": "#0"},
				"east": {"uv": [11, 4, 12, 5], "texture": "#0"},
				"south": {"uv": [11, 4, 12, 5], "texture": "#0"},
				"west": {"uv": [11, 4, 12, 5], "texture": "#0"},
				"up": {"uv": [11, 4, 12, 5], "texture": "#0"},
				"down": {"uv": [11, 4, 12, 5], "texture": "#0"}
			}
		},
		{
			"from": [9, 0, 8],
			"to": [10, 1, 9],
			"faces": {
				"north": {"uv": [11, 4, 12, 5], "texture": "#0"},
				"east": {"uv": [11, 4, 12, 5], "texture": "#0"},
				"south": {"uv": [11, 4, 12, 5], "texture": "#0"},
				"west": {"uv": [11, 4, 12, 5], "texture": "#0"},
				"up": {"uv": [11, 4, 12, 5], "texture": "#0"},
				"down": {"uv": [11, 4, 12, 5], "texture": "#0"}
			}
		},
		{
			"from": [8, -1, 8],
			"to": [9, 0, 9],
			"faces": {
				"north": {"uv": [11, 4, 12, 5], "texture": "#0"},
				"east": {"uv": [11, 4, 12, 5], "texture": "#0"},
				"south": {"uv": [11, 4, 12, 5], "texture": "#0"},
				"west": {"uv": [11, 4, 12, 5], "texture": "#0"},
				"up": {"uv": [11, 4, 12, 5], "texture": "#0"},
				"down": {"uv": [11, 4, 12, 5], "texture": "#0"}
			}
		},
		{
			"from": [7, -1, 8],
			"to": [8, 0, 9],
			"faces": {
				"north": {"uv": [11, 4, 12, 5], "texture": "#0"},
				"east": {"uv": [11, 4, 12, 5], "texture": "#0"},
				"south": {"uv": [11, 4, 12, 5], "texture": "#0"},
				"west": {"uv": [11, 4, 12, 5], "texture": "#0"},
				"up": {"uv": [11, 4, 12, 5], "texture": "#0"},
				"down": {"uv": [11, 4, 12, 5], "texture": "#0"}
			}
		},
		{
			"from": [5, 5, 8],
			"to": [6, 6, 9],
			"faces": {
				"north": {"uv": [5, 2, 6, 3], "texture": "#0"},
				"east": {"uv": [5, 2, 6, 3], "texture": "#0"},
				"south": {"uv": [5, 2, 6, 3], "texture": "#0"},
				"west": {"uv": [5, 2, 6, 3], "texture": "#0"},
				"up": {"uv": [5, 2, 6, 3], "texture": "#0"},
				"down": {"uv": [5, 2, 6, 3], "texture": "#0"}
			}
		},
		{
			"from": [6, 5, 8],
			"to": [7, 6, 9],
			"faces": {
				"north": {"uv": [5, 2, 6, 3], "texture": "#0"},
				"east": {"uv": [5, 2, 6, 3], "texture": "#0"},
				"south": {"uv": [5, 2, 6, 3], "texture": "#0"},
				"west": {"uv": [5, 2, 6, 3], "texture": "#0"},
				"up": {"uv": [5, 2, 6, 3], "texture": "#0"},
				"down": {"uv": [5, 2, 6, 3], "texture": "#0"}
			}
		},
		{
			"from": [7, 5, 8],
			"to": [8, 6, 9],
			"faces": {
				"north": {"uv": [6, 3, 7, 4], "texture": "#0"},
				"east": {"uv": [6, 3, 7, 4], "texture": "#0"},
				"south": {"uv": [6, 3, 7, 4], "texture": "#0"},
				"west": {"uv": [6, 3, 7, 4], "texture": "#0"},
				"up": {"uv": [6, 3, 7, 4], "texture": "#0"},
				"down": {"uv": [6, 3, 7, 4], "texture": "#0"}
			}
		},
		{
			"from": [8, 5, 8],
			"to": [9, 6, 9],
			"faces": {
				"north": {"uv": [5, 2, 6, 3], "texture": "#0"},
				"east": {"uv": [5, 2, 6, 3], "texture": "#0"},
				"south": {"uv": [5, 2, 6, 3], "texture": "#0"},
				"west": {"uv": [5, 2, 6, 3], "texture": "#0"},
				"up": {"uv": [5, 2, 6, 3], "texture": "#0"},
				"down": {"uv": [5, 2, 6, 3], "texture": "#0"}
			}
		},
		{
			"from": [9, 5, 8],
			"to": [10, 6, 9],
			"faces": {
				"north": {"uv": [5, 7, 6, 8], "texture": "#0"},
				"east": {"uv": [5, 7, 6, 8], "texture": "#0"},
				"south": {"uv": [5, 7, 6, 8], "texture": "#0"},
				"west": {"uv": [5, 7, 6, 8], "texture": "#0"},
				"up": {"uv": [5, 7, 6, 8], "texture": "#0"},
				"down": {"uv": [5, 7, 6, 8], "texture": "#0"}
			}
		},
		{
			"from": [5, 6, 8],
			"to": [6, 7, 9],
			"faces": {
				"north": {"uv": [5, 2, 6, 3], "texture": "#0"},
				"east": {"uv": [5, 2, 6, 3], "texture": "#0"},
				"south": {"uv": [5, 2, 6, 3], "texture": "#0"},
				"west": {"uv": [5, 2, 6, 3], "texture": "#0"},
				"up": {"uv": [5, 2, 6, 3], "texture": "#0"},
				"down": {"uv": [5, 2, 6, 3], "texture": "#0"}
			}
		},
		{
			"from": [5, 7, 8],
			"to": [6, 8, 9],
			"faces": {
				"north": {"uv": [5, 2, 6, 3], "texture": "#0"},
				"east": {"uv": [5, 2, 6, 3], "texture": "#0"},
				"south": {"uv": [5, 2, 6, 3], "texture": "#0"},
				"west": {"uv": [5, 2, 6, 3], "texture": "#0"},
				"up": {"uv": [5, 2, 6, 3], "texture": "#0"},
				"down": {"uv": [5, 2, 6, 3], "texture": "#0"}
			}
		},
		{
			"from": [4, 7, 8],
			"to": [5, 8, 9],
			"faces": {
				"north": {"uv": [6, 1, 7, 2], "texture": "#0"},
				"east": {"uv": [6, 1, 7, 2], "texture": "#0"},
				"south": {"uv": [6, 1, 7, 2], "texture": "#0"},
				"west": {"uv": [6, 1, 7, 2], "texture": "#0"},
				"up": {"uv": [6, 1, 7, 2], "texture": "#0"},
				"down": {"uv": [6, 1, 7, 2], "texture": "#0"}
			}
		},
		{
			"from": [3, 7, 8],
			"to": [4, 8, 9],
			"faces": {
				"north": {"uv": [6, 1, 7, 2], "texture": "#0"},
				"east": {"uv": [6, 1, 7, 2], "texture": "#0"},
				"south": {"uv": [6, 1, 7, 2], "texture": "#0"},
				"west": {"uv": [6, 1, 7, 2], "texture": "#0"},
				"up": {"uv": [6, 1, 7, 2], "texture": "#0"},
				"down": {"uv": [6, 1, 7, 2], "texture": "#0"}
			}
		},
		{
			"from": [1, 7, 8],
			"to": [2, 8, 9],
			"faces": {
				"north": {"uv": [6, 1, 7, 2], "texture": "#0"},
				"east": {"uv": [6, 1, 7, 2], "texture": "#0"},
				"south": {"uv": [6, 1, 7, 2], "texture": "#0"},
				"west": {"uv": [6, 1, 7, 2], "texture": "#0"},
				"up": {"uv": [6, 1, 7, 2], "texture": "#0"},
				"down": {"uv": [6, 1, 7, 2], "texture": "#0"}
			}
		},
		{
			"from": [2, 7, 8],
			"to": [3, 8, 9],
			"faces": {
				"north": {"uv": [6, 1, 7, 2], "texture": "#0"},
				"east": {"uv": [6, 1, 7, 2], "texture": "#0"},
				"south": {"uv": [6, 1, 7, 2], "texture": "#0"},
				"west": {"uv": [6, 1, 7, 2], "texture": "#0"},
				"up": {"uv": [6, 1, 7, 2], "texture": "#0"},
				"down": {"uv": [6, 1, 7, 2], "texture": "#0"}
			}
		},
		{
			"from": [6, 6, 8],
			"to": [7, 7, 9],
			"faces": {
				"north": {"uv": [5, 2, 6, 3], "texture": "#0"},
				"east": {"uv": [5, 2, 6, 3], "texture": "#0"},
				"south": {"uv": [5, 2, 6, 3], "texture": "#0"},
				"west": {"uv": [5, 2, 6, 3], "texture": "#0"},
				"up": {"uv": [5, 2, 6, 3], "texture": "#0"},
				"down": {"uv": [5, 2, 6, 3], "texture": "#0"}
			}
		},
		{
			"from": [7, 6, 8],
			"to": [8, 7, 9],
			"faces": {
				"north": {"uv": [5, 2, 6, 3], "texture": "#0"},
				"east": {"uv": [5, 2, 6, 3], "texture": "#0"},
				"south": {"uv": [5, 2, 6, 3], "texture": "#0"},
				"west": {"uv": [5, 2, 6, 3], "texture": "#0"},
				"up": {"uv": [5, 2, 6, 3], "texture": "#0"},
				"down": {"uv": [5, 2, 6, 3], "texture": "#0"}
			}
		},
		{
			"from": [8, 6, 8],
			"to": [9, 7, 9],
			"faces": {
				"north": {"uv": [6, 13, 7, 14], "texture": "#0"},
				"east": {"uv": [6, 13, 7, 14], "texture": "#0"},
				"south": {"uv": [6, 13, 7, 14], "texture": "#0"},
				"west": {"uv": [6, 13, 7, 14], "texture": "#0"},
				"up": {"uv": [6, 13, 7, 14], "texture": "#0"},
				"down": {"uv": [6, 13, 7, 14], "texture": "#0"}
			}
		},
		{
			"from": [9, 6, 8],
			"to": [10, 7, 9],
			"faces": {
				"north": {"uv": [5, 7, 6, 8], "texture": "#0"},
				"east": {"uv": [5, 7, 6, 8], "texture": "#0"},
				"south": {"uv": [5, 7, 6, 8], "texture": "#0"},
				"west": {"uv": [5, 7, 6, 8], "texture": "#0"},
				"up": {"uv": [5, 7, 6, 8], "texture": "#0"},
				"down": {"uv": [5, 7, 6, 8], "texture": "#0"}
			}
		},
		{
			"from": [6, 7, 8],
			"to": [7, 8, 9],
			"faces": {
				"north": {"uv": [5, 4, 6, 5], "texture": "#0"},
				"east": {"uv": [5, 4, 6, 5], "texture": "#0"},
				"south": {"uv": [5, 4, 6, 5], "texture": "#0"},
				"west": {"uv": [5, 4, 6, 5], "texture": "#0"},
				"up": {"uv": [5, 4, 6, 5], "texture": "#0"},
				"down": {"uv": [5, 4, 6, 5], "texture": "#0"}
			}
		},
		{
			"from": [7, 7, 8],
			"to": [8, 8, 9],
			"faces": {
				"north": {"uv": [5, 2, 6, 3], "texture": "#0"},
				"east": {"uv": [5, 2, 6, 3], "texture": "#0"},
				"south": {"uv": [5, 2, 6, 3], "texture": "#0"},
				"west": {"uv": [5, 2, 6, 3], "texture": "#0"},
				"up": {"uv": [5, 2, 6, 3], "texture": "#0"},
				"down": {"uv": [5, 2, 6, 3], "texture": "#0"}
			}
		},
		{
			"from": [8, 7, 8],
			"to": [9, 8, 9],
			"faces": {
				"north": {"uv": [5, 2, 6, 3], "texture": "#0"},
				"east": {"uv": [5, 2, 6, 3], "texture": "#0"},
				"south": {"uv": [5, 2, 6, 3], "texture": "#0"},
				"west": {"uv": [5, 2, 6, 3], "texture": "#0"},
				"up": {"uv": [5, 2, 6, 3], "texture": "#0"},
				"down": {"uv": [5, 2, 6, 3], "texture": "#0"}
			}
		},
		{
			"from": [9, 7, 8],
			"to": [10, 8, 9],
			"faces": {
				"north": {"uv": [6, 13, 7, 14], "texture": "#0"},
				"east": {"uv": [6, 13, 7, 14], "texture": "#0"},
				"south": {"uv": [6, 13, 7, 14], "texture": "#0"},
				"west": {"uv": [6, 13, 7, 14], "texture": "#0"},
				"up": {"uv": [6, 13, 7, 14], "texture": "#0"},
				"down": {"uv": [6, 13, 7, 14], "texture": "#0"}
			}
		},
		{
			"from": [10, 7, 8],
			"to": [11, 8, 9],
			"faces": {
				"north": {"uv": [5, 7, 6, 8], "texture": "#0"},
				"east": {"uv": [5, 7, 6, 8], "texture": "#0"},
				"south": {"uv": [5, 7, 6, 8], "texture": "#0"},
				"west": {"uv": [5, 7, 6, 8], "texture": "#0"},
				"up": {"uv": [5, 7, 6, 8], "texture": "#0"},
				"down": {"uv": [5, 7, 6, 8], "texture": "#0"}
			}
		},
		{
			"from": [11, 7, 8],
			"to": [12, 8, 9],
			"faces": {
				"north": {"uv": [5, 7, 6, 8], "texture": "#0"},
				"east": {"uv": [5, 7, 6, 8], "texture": "#0"},
				"south": {"uv": [5, 7, 6, 8], "texture": "#0"},
				"west": {"uv": [5, 7, 6, 8], "texture": "#0"},
				"up": {"uv": [5, 7, 6, 8], "texture": "#0"},
				"down": {"uv": [5, 7, 6, 8], "texture": "#0"}
			}
		},
		{
			"from": [12, 7, 8],
			"to": [13, 8, 9],
			"faces": {
				"north": {"uv": [11, 4, 12, 5], "texture": "#0"},
				"east": {"uv": [11, 4, 12, 5], "texture": "#0"},
				"south": {"uv": [11, 4, 12, 5], "texture": "#0"},
				"west": {"uv": [11, 4, 12, 5], "texture": "#0"},
				"up": {"uv": [11, 4, 12, 5], "texture": "#0"},
				"down": {"uv": [11, 4, 12, 5], "texture": "#0"}
			}
		},
		{
			"from": [13, 7, 8],
			"to": [14, 8, 9],
			"faces": {
				"north": {"uv": [11, 4, 12, 5], "texture": "#0"},
				"east": {"uv": [11, 4, 12, 5], "texture": "#0"},
				"south": {"uv": [11, 4, 12, 5], "texture": "#0"},
				"west": {"uv": [11, 4, 12, 5], "texture": "#0"},
				"up": {"uv": [11, 4, 12, 5], "texture": "#0"},
				"down": {"uv": [11, 4, 12, 5], "texture": "#0"}
			}
		},
		{
			"from": [14, 7, 8],
			"to": [15, 8, 9],
			"faces": {
				"north": {"uv": [11, 4, 12, 5], "texture": "#0"},
				"east": {"uv": [11, 4, 12, 5], "texture": "#0"},
				"south": {"uv": [11, 4, 12, 5], "texture": "#0"},
				"west": {"uv": [11, 4, 12, 5], "texture": "#0"},
				"up": {"uv": [11, 4, 12, 5], "texture": "#0"},
				"down": {"uv": [11, 4, 12, 5], "texture": "#0"}
			}
		},
		{
			"from": [15, 6, 8],
			"to": [16, 7, 9],
			"faces": {
				"north": {"uv": [11, 4, 12, 5], "texture": "#0"},
				"east": {"uv": [11, 4, 12, 5], "texture": "#0"},
				"south": {"uv": [11, 4, 12, 5], "texture": "#0"},
				"west": {"uv": [11, 4, 12, 5], "texture": "#0"},
				"up": {"uv": [11, 4, 12, 5], "texture": "#0"},
				"down": {"uv": [11, 4, 12, 5], "texture": "#0"}
			}
		},
		{
			"from": [14, 5, 8],
			"to": [15, 6, 9],
			"faces": {
				"north": {"uv": [11, 4, 12, 5], "texture": "#0"},
				"east": {"uv": [11, 4, 12, 5], "texture": "#0"},
				"south": {"uv": [11, 4, 12, 5], "texture": "#0"},
				"west": {"uv": [11, 4, 12, 5], "texture": "#0"},
				"up": {"uv": [11, 4, 12, 5], "texture": "#0"},
				"down": {"uv": [11, 4, 12, 5], "texture": "#0"}
			}
		},
		{
			"from": [13, 4, 8],
			"to": [14, 5, 9],
			"faces": {
				"north": {"uv": [11, 4, 12, 5], "texture": "#0"},
				"east": {"uv": [11, 4, 12, 5], "texture": "#0"},
				"south": {"uv": [11, 4, 12, 5], "texture": "#0"},
				"west": {"uv": [11, 4, 12, 5], "texture": "#0"},
				"up": {"uv": [11, 4, 12, 5], "texture": "#0"},
				"down": {"uv": [11, 4, 12, 5], "texture": "#0"}
			}
		},
		{
			"from": [12, 4, 8],
			"to": [13, 5, 9],
			"faces": {
				"north": {"uv": [11, 4, 12, 5], "texture": "#0"},
				"east": {"uv": [11, 4, 12, 5], "texture": "#0"},
				"south": {"uv": [11, 4, 12, 5], "texture": "#0"},
				"west": {"uv": [11, 4, 12, 5], "texture": "#0"},
				"up": {"uv": [11, 4, 12, 5], "texture": "#0"},
				"down": {"uv": [11, 4, 12, 5], "texture": "#0"}
			}
		},
		{
			"from": [11, 4, 8],
			"to": [12, 5, 9],
			"faces": {
				"north": {"uv": [11, 4, 12, 5], "texture": "#0"},
				"east": {"uv": [11, 4, 12, 5], "texture": "#0"},
				"south": {"uv": [11, 4, 12, 5], "texture": "#0"},
				"west": {"uv": [11, 4, 12, 5], "texture": "#0"},
				"up": {"uv": [11, 4, 12, 5], "texture": "#0"},
				"down": {"uv": [11, 4, 12, 5], "texture": "#0"}
			}
		},
		{
			"from": [10, 4, 8],
			"to": [11, 5, 9],
			"faces": {
				"north": {"uv": [11, 4, 12, 5], "texture": "#0"},
				"east": {"uv": [11, 4, 12, 5], "texture": "#0"},
				"south": {"uv": [11, 4, 12, 5], "texture": "#0"},
				"west": {"uv": [11, 4, 12, 5], "texture": "#0"},
				"up": {"uv": [11, 4, 12, 5], "texture": "#0"},
				"down": {"uv": [11, 4, 12, 5], "texture": "#0"}
			}
		},
		{
			"from": [5, 8, 8],
			"to": [6, 9, 9],
			"faces": {
				"north": {"uv": [6, 3, 7, 4], "texture": "#0"},
				"east": {"uv": [6, 3, 7, 4], "texture": "#0"},
				"south": {"uv": [6, 3, 7, 4], "texture": "#0"},
				"west": {"uv": [6, 3, 7, 4], "texture": "#0"},
				"up": {"uv": [6, 3, 7, 4], "texture": "#0"},
				"down": {"uv": [6, 3, 7, 4], "texture": "#0"}
			}
		},
		{
			"from": [4, 8, 8],
			"to": [5, 9, 9],
			"faces": {
				"north": {"uv": [6, 1, 7, 2], "texture": "#0"},
				"east": {"uv": [6, 1, 7, 2], "texture": "#0"},
				"south": {"uv": [6, 1, 7, 2], "texture": "#0"},
				"west": {"uv": [6, 1, 7, 2], "texture": "#0"},
				"up": {"uv": [6, 1, 7, 2], "texture": "#0"},
				"down": {"uv": [6, 1, 7, 2], "texture": "#0"}
			}
		},
		{
			"from": [6, 8, 8],
			"to": [7, 9, 9],
			"faces": {
				"north": {"uv": [5, 2, 6, 3], "texture": "#0"},
				"east": {"uv": [5, 2, 6, 3], "texture": "#0"},
				"south": {"uv": [5, 2, 6, 3], "texture": "#0"},
				"west": {"uv": [5, 2, 6, 3], "texture": "#0"},
				"up": {"uv": [5, 2, 6, 3], "texture": "#0"},
				"down": {"uv": [5, 2, 6, 3], "texture": "#0"}
			}
		},
		{
			"from": [7, 8, 8],
			"to": [8, 9, 9],
			"faces": {
				"north": {"uv": [6, 1, 7, 2], "texture": "#0"},
				"east": {"uv": [6, 1, 7, 2], "texture": "#0"},
				"south": {"uv": [6, 1, 7, 2], "texture": "#0"},
				"west": {"uv": [6, 1, 7, 2], "texture": "#0"},
				"up": {"uv": [6, 1, 7, 2], "texture": "#0"},
				"down": {"uv": [6, 1, 7, 2], "texture": "#0"}
			}
		},
		{
			"from": [8, 8, 8],
			"to": [9, 9, 9],
			"faces": {
				"north": {"uv": [6, 1, 7, 2], "texture": "#0"},
				"east": {"uv": [6, 1, 7, 2], "texture": "#0"},
				"south": {"uv": [6, 1, 7, 2], "texture": "#0"},
				"west": {"uv": [6, 1, 7, 2], "texture": "#0"},
				"up": {"uv": [6, 1, 7, 2], "texture": "#0"},
				"down": {"uv": [6, 1, 7, 2], "texture": "#0"}
			}
		},
		{
			"from": [9, 8, 8],
			"to": [10, 9, 9],
			"faces": {
				"north": {"uv": [5, 2, 6, 3], "texture": "#0"},
				"east": {"uv": [5, 2, 6, 3], "texture": "#0"},
				"south": {"uv": [5, 2, 6, 3], "texture": "#0"},
				"west": {"uv": [5, 2, 6, 3], "texture": "#0"},
				"up": {"uv": [5, 2, 6, 3], "texture": "#0"},
				"down": {"uv": [5, 2, 6, 3], "texture": "#0"}
			}
		},
		{
			"from": [5, 9, 8],
			"to": [6, 10, 9],
			"faces": {
				"north": {"uv": [5, 2, 6, 3], "texture": "#0"},
				"east": {"uv": [5, 2, 6, 3], "texture": "#0"},
				"south": {"uv": [5, 2, 6, 3], "texture": "#0"},
				"west": {"uv": [5, 2, 6, 3], "texture": "#0"},
				"up": {"uv": [5, 2, 6, 3], "texture": "#0"},
				"down": {"uv": [5, 2, 6, 3], "texture": "#0"}
			}
		},
		{
			"from": [6, 9, 8],
			"to": [7, 10, 9],
			"faces": {
				"north": {"uv": [11, 4, 12, 5], "texture": "#0"},
				"east": {"uv": [11, 4, 12, 5], "texture": "#0"},
				"south": {"uv": [11, 4, 12, 5], "texture": "#0"},
				"west": {"uv": [11, 4, 12, 5], "texture": "#0"},
				"up": {"uv": [11, 4, 12, 5], "texture": "#0"},
				"down": {"uv": [11, 4, 12, 5], "texture": "#0"}
			}
		},
		{
			"from": [9, 9, 8],
			"to": [10, 10, 9],
			"faces": {
				"north": {"uv": [6, 1, 7, 2], "texture": "#0"},
				"east": {"uv": [6, 1, 7, 2], "texture": "#0"},
				"south": {"uv": [6, 1, 7, 2], "texture": "#0"},
				"west": {"uv": [6, 1, 7, 2], "texture": "#0"},
				"up": {"uv": [6, 1, 7, 2], "texture": "#0"},
				"down": {"uv": [6, 1, 7, 2], "texture": "#0"}
			}
		},
		{
			"from": [5, 10, 8],
			"to": [6, 11, 9],
			"faces": {
				"north": {"uv": [11, 4, 12, 5], "texture": "#0"},
				"east": {"uv": [11, 4, 12, 5], "texture": "#0"},
				"south": {"uv": [11, 4, 12, 5], "texture": "#0"},
				"west": {"uv": [11, 4, 12, 5], "texture": "#0"},
				"up": {"uv": [11, 4, 12, 5], "texture": "#0"},
				"down": {"uv": [11, 4, 12, 5], "texture": "#0"}
			}
		},
		{
			"from": [5, 11, 8],
			"to": [6, 12, 9],
			"faces": {
				"north": {"uv": [11, 4, 12, 5], "texture": "#0"},
				"east": {"uv": [11, 4, 12, 5], "texture": "#0"},
				"south": {"uv": [11, 4, 12, 5], "texture": "#0"},
				"west": {"uv": [11, 4, 12, 5], "texture": "#0"},
				"up": {"uv": [11, 4, 12, 5], "texture": "#0"},
				"down": {"uv": [11, 4, 12, 5], "texture": "#0"}
			}
		},
		{
			"from": [5, 12, 8],
			"to": [6, 13, 9],
			"faces": {
				"north": {"uv": [6, 3, 7, 4], "texture": "#0"},
				"east": {"uv": [6, 3, 7, 4], "texture": "#0"},
				"south": {"uv": [6, 3, 7, 4], "texture": "#0"},
				"west": {"uv": [6, 3, 7, 4], "texture": "#0"},
				"up": {"uv": [6, 3, 7, 4], "texture": "#0"},
				"down": {"uv": [6, 3, 7, 4], "texture": "#0"}
			}
		},
		{
			"from": [6, 12, 8],
			"to": [7, 13, 9],
			"faces": {
				"north": {"uv": [11, 4, 12, 5], "texture": "#0"},
				"east": {"uv": [11, 4, 12, 5], "texture": "#0"},
				"south": {"uv": [11, 4, 12, 5], "texture": "#0"},
				"west": {"uv": [11, 4, 12, 5], "texture": "#0"},
				"up": {"uv": [11, 4, 12, 5], "texture": "#0"},
				"down": {"uv": [11, 4, 12, 5], "texture": "#0"}
			}
		},
		{
			"from": [9, 12, 8],
			"to": [10, 13, 9],
			"faces": {
				"north": {"uv": [6, 1, 7, 2], "texture": "#0"},
				"east": {"uv": [6, 1, 7, 2], "texture": "#0"},
				"south": {"uv": [6, 1, 7, 2], "texture": "#0"},
				"west": {"uv": [6, 1, 7, 2], "texture": "#0"},
				"up": {"uv": [6, 1, 7, 2], "texture": "#0"},
				"down": {"uv": [6, 1, 7, 2], "texture": "#0"}
			}
		},
		{
			"from": [5, 13, 8],
			"to": [6, 14, 9],
			"faces": {
				"north": {"uv": [5, 2, 6, 3], "texture": "#0"},
				"east": {"uv": [5, 2, 6, 3], "texture": "#0"},
				"south": {"uv": [5, 2, 6, 3], "texture": "#0"},
				"west": {"uv": [5, 2, 6, 3], "texture": "#0"},
				"up": {"uv": [5, 2, 6, 3], "texture": "#0"},
				"down": {"uv": [5, 2, 6, 3], "texture": "#0"}
			}
		},
		{
			"from": [5, 14, 8],
			"to": [6, 15, 9],
			"faces": {
				"north": {"uv": [6, 1, 7, 2], "texture": "#0"},
				"east": {"uv": [6, 1, 7, 2], "texture": "#0"},
				"south": {"uv": [6, 1, 7, 2], "texture": "#0"},
				"west": {"uv": [6, 1, 7, 2], "texture": "#0"},
				"up": {"uv": [6, 1, 7, 2], "texture": "#0"},
				"down": {"uv": [6, 1, 7, 2], "texture": "#0"}
			}
		},
		{
			"from": [4, 5, 8],
			"to": [5, 6, 9],
			"faces": {
				"north": {"uv": [5, 2, 6, 3], "texture": "#0"},
				"east": {"uv": [5, 2, 6, 3], "texture": "#0"},
				"south": {"uv": [5, 2, 6, 3], "texture": "#0"},
				"west": {"uv": [5, 2, 6, 3], "texture": "#0"},
				"up": {"uv": [5, 2, 6, 3], "texture": "#0"},
				"down": {"uv": [5, 2, 6, 3], "texture": "#0"}
			}
		},
		{
			"from": [4, 6, 8],
			"to": [5, 7, 9],
			"faces": {
				"north": {"uv": [6, 3, 7, 4], "texture": "#0"},
				"east": {"uv": [6, 3, 7, 4], "texture": "#0"},
				"south": {"uv": [6, 3, 7, 4], "texture": "#0"},
				"west": {"uv": [6, 3, 7, 4], "texture": "#0"},
				"up": {"uv": [6, 3, 7, 4], "texture": "#0"},
				"down": {"uv": [6, 3, 7, 4], "texture": "#0"}
			}
		},
		{
			"from": [3, 5, 8],
			"to": [4, 6, 9],
			"faces": {
				"north": {"uv": [5, 2, 6, 3], "texture": "#0"},
				"east": {"uv": [5, 2, 6, 3], "texture": "#0"},
				"south": {"uv": [5, 2, 6, 3], "texture": "#0"},
				"west": {"uv": [5, 2, 6, 3], "texture": "#0"},
				"up": {"uv": [5, 2, 6, 3], "texture": "#0"},
				"down": {"uv": [5, 2, 6, 3], "texture": "#0"}
			}
		},
		{
			"from": [3, 6, 8],
			"to": [4, 7, 9],
			"faces": {
				"north": {"uv": [5, 2, 6, 3], "texture": "#0"},
				"east": {"uv": [5, 2, 6, 3], "texture": "#0"},
				"south": {"uv": [5, 2, 6, 3], "texture": "#0"},
				"west": {"uv": [5, 2, 6, 3], "texture": "#0"},
				"up": {"uv": [5, 2, 6, 3], "texture": "#0"},
				"down": {"uv": [5, 2, 6, 3], "texture": "#0"}
			}
		},
		{
			"from": [2, 5, 8],
			"to": [3, 6, 9],
			"faces": {
				"north": {"uv": [5, 2, 6, 3], "texture": "#0"},
				"east": {"uv": [5, 2, 6, 3], "texture": "#0"},
				"south": {"uv": [5, 2, 6, 3], "texture": "#0"},
				"west": {"uv": [5, 2, 6, 3], "texture": "#0"},
				"up": {"uv": [5, 2, 6, 3], "texture": "#0"},
				"down": {"uv": [5, 2, 6, 3], "texture": "#0"}
			}
		},
		{
			"from": [2, 6, 8],
			"to": [3, 7, 9],
			"faces": {
				"north": {"uv": [6, 3, 7, 4], "texture": "#0"},
				"east": {"uv": [6, 3, 7, 4], "texture": "#0"},
				"south": {"uv": [6, 3, 7, 4], "texture": "#0"},
				"west": {"uv": [6, 3, 7, 4], "texture": "#0"},
				"up": {"uv": [6, 3, 7, 4], "texture": "#0"},
				"down": {"uv": [6, 3, 7, 4], "texture": "#0"}
			}
		},
		{
			"from": [1, 6, 8],
			"to": [2, 7, 9],
			"faces": {
				"north": {"uv": [6, 3, 7, 4], "texture": "#0"},
				"east": {"uv": [6, 3, 7, 4], "texture": "#0"},
				"south": {"uv": [6, 3, 7, 4], "texture": "#0"},
				"west": {"uv": [6, 3, 7, 4], "texture": "#0"},
				"up": {"uv": [6, 3, 7, 4], "texture": "#0"},
				"down": {"uv": [6, 3, 7, 4], "texture": "#0"}
			}
		},
		{
			"from": [0, 6, 8],
			"to": [1, 7, 9],
			"faces": {
				"north": {"uv": [6, 1, 7, 2], "texture": "#0"},
				"east": {"uv": [6, 1, 7, 2], "texture": "#0"},
				"south": {"uv": [6, 1, 7, 2], "texture": "#0"},
				"west": {"uv": [6, 1, 7, 2], "texture": "#0"},
				"up": {"uv": [6, 1, 7, 2], "texture": "#0"},
				"down": {"uv": [6, 1, 7, 2], "texture": "#0"}
			}
		},
		{
			"from": [1, 5, 8],
			"to": [2, 6, 9],
			"faces": {
				"north": {"uv": [11, 4, 12, 5], "texture": "#0"},
				"east": {"uv": [11, 4, 12, 5], "texture": "#0"},
				"south": {"uv": [11, 4, 12, 5], "texture": "#0"},
				"west": {"uv": [11, 4, 12, 5], "texture": "#0"},
				"up": {"uv": [11, 4, 12, 5], "texture": "#0"},
				"down": {"uv": [11, 4, 12, 5], "texture": "#0"}
			}
		},
		{
			"from": [2, 4, 8],
			"to": [3, 5, 9],
			"faces": {
				"north": {"uv": [11, 4, 12, 5], "texture": "#0"},
				"east": {"uv": [11, 4, 12, 5], "texture": "#0"},
				"south": {"uv": [11, 4, 12, 5], "texture": "#0"},
				"west": {"uv": [11, 4, 12, 5], "texture": "#0"},
				"up": {"uv": [11, 4, 12, 5], "texture": "#0"},
				"down": {"uv": [11, 4, 12, 5], "texture": "#0"}
			}
		},
		{
			"from": [3, 4, 8],
			"to": [4, 5, 9],
			"faces": {
				"north": {"uv": [11, 4, 12, 5], "texture": "#0"},
				"east": {"uv": [11, 4, 12, 5], "texture": "#0"},
				"south": {"uv": [11, 4, 12, 5], "texture": "#0"},
				"west": {"uv": [11, 4, 12, 5], "texture": "#0"},
				"up": {"uv": [11, 4, 12, 5], "texture": "#0"},
				"down": {"uv": [11, 4, 12, 5], "texture": "#0"}
			}
		},
		{
			"from": [4, 4, 8],
			"to": [5, 5, 9],
			"faces": {
				"north": {"uv": [11, 4, 12, 5], "texture": "#0"},
				"east": {"uv": [11, 4, 12, 5], "texture": "#0"},
				"south": {"uv": [11, 4, 12, 5], "texture": "#0"},
				"west": {"uv": [11, 4, 12, 5], "texture": "#0"},
				"up": {"uv": [11, 4, 12, 5], "texture": "#0"},
				"down": {"uv": [11, 4, 12, 5], "texture": "#0"}
			}
		},
		{
			"from": [5, 4, 8],
			"to": [6, 5, 9],
			"faces": {
				"north": {"uv": [11, 4, 12, 5], "texture": "#0"},
				"east": {"uv": [11, 4, 12, 5], "texture": "#0"},
				"south": {"uv": [11, 4, 12, 5], "texture": "#0"},
				"west": {"uv": [11, 4, 12, 5], "texture": "#0"},
				"up": {"uv": [11, 4, 12, 5], "texture": "#0"},
				"down": {"uv": [11, 4, 12, 5], "texture": "#0"}
			}
		},
		{
			"from": [4, 9, 8],
			"to": [5, 10, 9],
			"faces": {
				"north": {"uv": [5, 2, 6, 3], "texture": "#0"},
				"east": {"uv": [5, 2, 6, 3], "texture": "#0"},
				"south": {"uv": [5, 2, 6, 3], "texture": "#0"},
				"west": {"uv": [5, 2, 6, 3], "texture": "#0"},
				"up": {"uv": [5, 2, 6, 3], "texture": "#0"},
				"down": {"uv": [5, 2, 6, 3], "texture": "#0"}
			}
		},
		{
			"from": [3, 9, 8],
			"to": [4, 10, 9],
			"faces": {
				"north": {"uv": [6, 1, 7, 2], "texture": "#0"},
				"east": {"uv": [6, 1, 7, 2], "texture": "#0"},
				"south": {"uv": [6, 1, 7, 2], "texture": "#0"},
				"west": {"uv": [6, 1, 7, 2], "texture": "#0"},
				"up": {"uv": [6, 1, 7, 2], "texture": "#0"},
				"down": {"uv": [6, 1, 7, 2], "texture": "#0"}
			}
		},
		{
			"from": [4, 10, 8],
			"to": [5, 11, 9],
			"faces": {
				"north": {"uv": [5, 2, 6, 3], "texture": "#0"},
				"east": {"uv": [5, 2, 6, 3], "texture": "#0"},
				"south": {"uv": [5, 2, 6, 3], "texture": "#0"},
				"west": {"uv": [5, 2, 6, 3], "texture": "#0"},
				"up": {"uv": [5, 2, 6, 3], "texture": "#0"},
				"down": {"uv": [5, 2, 6, 3], "texture": "#0"}
			}
		},
		{
			"from": [3, 10, 8],
			"to": [4, 11, 9],
			"faces": {
				"north": {"uv": [6, 1, 7, 2], "texture": "#0"},
				"east": {"uv": [6, 1, 7, 2], "texture": "#0"},
				"south": {"uv": [6, 1, 7, 2], "texture": "#0"},
				"west": {"uv": [6, 1, 7, 2], "texture": "#0"},
				"up": {"uv": [6, 1, 7, 2], "texture": "#0"},
				"down": {"uv": [6, 1, 7, 2], "texture": "#0"}
			}
		},
		{
			"from": [4, 11, 8],
			"to": [5, 12, 9],
			"faces": {
				"north": {"uv": [5, 2, 6, 3], "texture": "#0"},
				"east": {"uv": [5, 2, 6, 3], "texture": "#0"},
				"south": {"uv": [5, 2, 6, 3], "texture": "#0"},
				"west": {"uv": [5, 2, 6, 3], "texture": "#0"},
				"up": {"uv": [5, 2, 6, 3], "texture": "#0"},
				"down": {"uv": [5, 2, 6, 3], "texture": "#0"}
			}
		},
		{
			"from": [3, 11, 8],
			"to": [4, 12, 9],
			"faces": {
				"north": {"uv": [6, 1, 7, 2], "texture": "#0"},
				"east": {"uv": [6, 1, 7, 2], "texture": "#0"},
				"south": {"uv": [6, 1, 7, 2], "texture": "#0"},
				"west": {"uv": [6, 1, 7, 2], "texture": "#0"},
				"up": {"uv": [6, 1, 7, 2], "texture": "#0"},
				"down": {"uv": [6, 1, 7, 2], "texture": "#0"}
			}
		},
		{
			"from": [4, 12, 8],
			"to": [5, 13, 9],
			"faces": {
				"north": {"uv": [5, 2, 6, 3], "texture": "#0"},
				"east": {"uv": [5, 2, 6, 3], "texture": "#0"},
				"south": {"uv": [5, 2, 6, 3], "texture": "#0"},
				"west": {"uv": [5, 2, 6, 3], "texture": "#0"},
				"up": {"uv": [5, 2, 6, 3], "texture": "#0"},
				"down": {"uv": [5, 2, 6, 3], "texture": "#0"}
			}
		},
		{
			"from": [4, 13, 8],
			"to": [5, 14, 9],
			"faces": {
				"north": {"uv": [6, 1, 7, 2], "texture": "#0"},
				"east": {"uv": [6, 1, 7, 2], "texture": "#0"},
				"south": {"uv": [6, 1, 7, 2], "texture": "#0"},
				"west": {"uv": [6, 1, 7, 2], "texture": "#0"},
				"up": {"uv": [6, 1, 7, 2], "texture": "#0"},
				"down": {"uv": [6, 1, 7, 2], "texture": "#0"}
			}
		},
		{
			"from": [3, 12, 8],
			"to": [4, 13, 9],
			"faces": {
				"north": {"uv": [6, 1, 7, 2], "texture": "#0"},
				"east": {"uv": [6, 1, 7, 2], "texture": "#0"},
				"south": {"uv": [6, 1, 7, 2], "texture": "#0"},
				"west": {"uv": [6, 1, 7, 2], "texture": "#0"},
				"up": {"uv": [6, 1, 7, 2], "texture": "#0"},
				"down": {"uv": [6, 1, 7, 2], "texture": "#0"}
			}
		},
		{
			"from": [6, 13, 8],
			"to": [7, 14, 9],
			"faces": {
				"north": {"uv": [6, 3, 7, 4], "texture": "#0"},
				"east": {"uv": [6, 3, 7, 4], "texture": "#0"},
				"south": {"uv": [6, 3, 7, 4], "texture": "#0"},
				"west": {"uv": [6, 3, 7, 4], "texture": "#0"},
				"up": {"uv": [6, 3, 7, 4], "texture": "#0"},
				"down": {"uv": [6, 3, 7, 4], "texture": "#0"}
			}
		},
		{
			"from": [7, 13, 8],
			"to": [8, 14, 9],
			"faces": {
				"north": {"uv": [11, 4, 12, 5], "texture": "#0"},
				"east": {"uv": [11, 4, 12, 5], "texture": "#0"},
				"south": {"uv": [11, 4, 12, 5], "texture": "#0"},
				"west": {"uv": [11, 4, 12, 5], "texture": "#0"},
				"up": {"uv": [11, 4, 12, 5], "texture": "#0"},
				"down": {"uv": [11, 4, 12, 5], "texture": "#0"}
			}
		},
		{
			"from": [8, 13, 8],
			"to": [9, 14, 9],
			"faces": {
				"north": {"uv": [11, 4, 12, 5], "texture": "#0"},
				"east": {"uv": [11, 4, 12, 5], "texture": "#0"},
				"south": {"uv": [11, 4, 12, 5], "texture": "#0"},
				"west": {"uv": [11, 4, 12, 5], "texture": "#0"},
				"up": {"uv": [11, 4, 12, 5], "texture": "#0"},
				"down": {"uv": [11, 4, 12, 5], "texture": "#0"}
			}
		},
		{
			"from": [9, 13, 8],
			"to": [10, 14, 9],
			"faces": {
				"north": {"uv": [5, 2, 6, 3], "texture": "#0"},
				"east": {"uv": [5, 2, 6, 3], "texture": "#0"},
				"south": {"uv": [5, 2, 6, 3], "texture": "#0"},
				"west": {"uv": [5, 2, 6, 3], "texture": "#0"},
				"up": {"uv": [5, 2, 6, 3], "texture": "#0"},
				"down": {"uv": [5, 2, 6, 3], "texture": "#0"}
			}
		},
		{
			"from": [6, 14, 8],
			"to": [7, 15, 9],
			"faces": {
				"north": {"uv": [6, 3, 7, 4], "texture": "#0"},
				"east": {"uv": [6, 3, 7, 4], "texture": "#0"},
				"south": {"uv": [6, 3, 7, 4], "texture": "#0"},
				"west": {"uv": [6, 3, 7, 4], "texture": "#0"},
				"up": {"uv": [6, 3, 7, 4], "texture": "#0"},
				"down": {"uv": [6, 3, 7, 4], "texture": "#0"}
			}
		},
		{
			"from": [6, 15, 8],
			"to": [7, 16, 9],
			"faces": {
				"north": {"uv": [6, 1, 7, 2], "texture": "#0"},
				"east": {"uv": [6, 1, 7, 2], "texture": "#0"},
				"south": {"uv": [6, 1, 7, 2], "texture": "#0"},
				"west": {"uv": [6, 1, 7, 2], "texture": "#0"},
				"up": {"uv": [6, 1, 7, 2], "texture": "#0"},
				"down": {"uv": [6, 1, 7, 2], "texture": "#0"}
			}
		},
		{
			"from": [7, 14, 8],
			"to": [8, 15, 9],
			"faces": {
				"north": {"uv": [6, 3, 7, 4], "texture": "#0"},
				"east": {"uv": [6, 3, 7, 4], "texture": "#0"},
				"south": {"uv": [6, 3, 7, 4], "texture": "#0"},
				"west": {"uv": [6, 3, 7, 4], "texture": "#0"},
				"up": {"uv": [6, 3, 7, 4], "texture": "#0"},
				"down": {"uv": [6, 3, 7, 4], "texture": "#0"}
			}
		},
		{
			"from": [7, 15, 8],
			"to": [8, 16, 9],
			"faces": {
				"north": {"uv": [6, 1, 7, 2], "texture": "#0"},
				"east": {"uv": [6, 1, 7, 2], "texture": "#0"},
				"south": {"uv": [6, 1, 7, 2], "texture": "#0"},
				"west": {"uv": [6, 1, 7, 2], "texture": "#0"},
				"up": {"uv": [6, 1, 7, 2], "texture": "#0"},
				"down": {"uv": [6, 1, 7, 2], "texture": "#0"}
			}
		},
		{
			"from": [8, 14, 8],
			"to": [9, 15, 9],
			"faces": {
				"north": {"uv": [6, 3, 7, 4], "texture": "#0"},
				"east": {"uv": [6, 3, 7, 4], "texture": "#0"},
				"south": {"uv": [6, 3, 7, 4], "texture": "#0"},
				"west": {"uv": [6, 3, 7, 4], "texture": "#0"},
				"up": {"uv": [6, 3, 7, 4], "texture": "#0"},
				"down": {"uv": [6, 3, 7, 4], "texture": "#0"}
			}
		},
		{
			"from": [8, 15, 8],
			"to": [9, 16, 9],
			"faces": {
				"north": {"uv": [6, 1, 7, 2], "texture": "#0"},
				"east": {"uv": [6, 1, 7, 2], "texture": "#0"},
				"south": {"uv": [6, 1, 7, 2], "texture": "#0"},
				"west": {"uv": [6, 1, 7, 2], "texture": "#0"},
				"up": {"uv": [6, 1, 7, 2], "texture": "#0"},
				"down": {"uv": [6, 1, 7, 2], "texture": "#0"}
			}
		},
		{
			"from": [9, 14, 8],
			"to": [10, 15, 9],
			"faces": {
				"north": {"uv": [6, 3, 7, 4], "texture": "#0"},
				"east": {"uv": [6, 3, 7, 4], "texture": "#0"},
				"south": {"uv": [6, 3, 7, 4], "texture": "#0"},
				"west": {"uv": [6, 3, 7, 4], "texture": "#0"},
				"up": {"uv": [6, 3, 7, 4], "texture": "#0"},
				"down": {"uv": [6, 3, 7, 4], "texture": "#0"}
			}
		},
		{
			"from": [10, 14, 8],
			"to": [11, 15, 9],
			"faces": {
				"north": {"uv": [11, 4, 12, 5], "texture": "#0"},
				"east": {"uv": [11, 4, 12, 5], "texture": "#0"},
				"south": {"uv": [11, 4, 12, 5], "texture": "#0"},
				"west": {"uv": [11, 4, 12, 5], "texture": "#0"},
				"up": {"uv": [11, 4, 12, 5], "texture": "#0"},
				"down": {"uv": [11, 4, 12, 5], "texture": "#0"}
			}
		},
		{
			"from": [9, 15, 8],
			"to": [10, 16, 9],
			"faces": {
				"north": {"uv": [6, 1, 7, 2], "texture": "#0"},
				"east": {"uv": [6, 1, 7, 2], "texture": "#0"},
				"south": {"uv": [6, 1, 7, 2], "texture": "#0"},
				"west": {"uv": [6, 1, 7, 2], "texture": "#0"},
				"up": {"uv": [6, 1, 7, 2], "texture": "#0"},
				"down": {"uv": [6, 1, 7, 2], "texture": "#0"}
			}
		},
		{
			"from": [10, 5, 8],
			"to": [11, 6, 9],
			"faces": {
				"north": {"uv": [5, 7, 6, 8], "texture": "#0"},
				"east": {"uv": [5, 7, 6, 8], "texture": "#0"},
				"south": {"uv": [5, 7, 6, 8], "texture": "#0"},
				"west": {"uv": [5, 7, 6, 8], "texture": "#0"},
				"up": {"uv": [5, 7, 6, 8], "texture": "#0"},
				"down": {"uv": [5, 7, 6, 8], "texture": "#0"}
			}
		},
		{
			"from": [10, 6, 8],
			"to": [11, 7, 9],
			"faces": {
				"north": {"uv": [5, 4, 6, 5], "texture": "#0"},
				"east": {"uv": [5, 4, 6, 5], "texture": "#0"},
				"south": {"uv": [5, 4, 6, 5], "texture": "#0"},
				"west": {"uv": [5, 4, 6, 5], "texture": "#0"},
				"up": {"uv": [5, 4, 6, 5], "texture": "#0"},
				"down": {"uv": [5, 4, 6, 5], "texture": "#0"}
			}
		},
		{
			"from": [10, 8, 8],
			"to": [11, 9, 9],
			"faces": {
				"north": {"uv": [5, 4, 6, 5], "texture": "#0"},
				"east": {"uv": [5, 4, 6, 5], "texture": "#0"},
				"south": {"uv": [5, 4, 6, 5], "texture": "#0"},
				"west": {"uv": [5, 4, 6, 5], "texture": "#0"},
				"up": {"uv": [5, 4, 6, 5], "texture": "#0"},
				"down": {"uv": [5, 4, 6, 5], "texture": "#0"}
			}
		},
		{
			"from": [10, 9, 8],
			"to": [11, 10, 9],
			"faces": {
				"north": {"uv": [5, 4, 6, 5], "texture": "#0"},
				"east": {"uv": [5, 4, 6, 5], "texture": "#0"},
				"south": {"uv": [5, 4, 6, 5], "texture": "#0"},
				"west": {"uv": [5, 4, 6, 5], "texture": "#0"},
				"up": {"uv": [5, 4, 6, 5], "texture": "#0"},
				"down": {"uv": [5, 4, 6, 5], "texture": "#0"}
			}
		},
		{
			"from": [10, 10, 8],
			"to": [11, 11, 9],
			"faces": {
				"north": {"uv": [6, 1, 7, 2], "texture": "#0"},
				"east": {"uv": [6, 1, 7, 2], "texture": "#0"},
				"south": {"uv": [6, 1, 7, 2], "texture": "#0"},
				"west": {"uv": [6, 1, 7, 2], "texture": "#0"},
				"up": {"uv": [6, 1, 7, 2], "texture": "#0"},
				"down": {"uv": [6, 1, 7, 2], "texture": "#0"}
			}
		},
		{
			"from": [10, 12, 8],
			"to": [11, 13, 9],
			"faces": {
				"north": {"uv": [5, 4, 6, 5], "texture": "#0"},
				"east": {"uv": [5, 4, 6, 5], "texture": "#0"},
				"south": {"uv": [5, 4, 6, 5], "texture": "#0"},
				"west": {"uv": [5, 4, 6, 5], "texture": "#0"},
				"up": {"uv": [5, 4, 6, 5], "texture": "#0"},
				"down": {"uv": [5, 4, 6, 5], "texture": "#0"}
			}
		},
		{
			"from": [10, 11, 8],
			"to": [11, 12, 9],
			"faces": {
				"north": {"uv": [6, 1, 7, 2], "texture": "#0"},
				"east": {"uv": [6, 1, 7, 2], "texture": "#0"},
				"south": {"uv": [6, 1, 7, 2], "texture": "#0"},
				"west": {"uv": [6, 1, 7, 2], "texture": "#0"},
				"up": {"uv": [6, 1, 7, 2], "texture": "#0"},
				"down": {"uv": [6, 1, 7, 2], "texture": "#0"}
			}
		},
		{
			"from": [10, 12, 8],
			"to": [11, 13, 9],
			"faces": {
				"north": {"uv": [5, 4, 6, 5], "texture": "#0"},
				"east": {"uv": [5, 4, 6, 5], "texture": "#0"},
				"south": {"uv": [5, 4, 6, 5], "texture": "#0"},
				"west": {"uv": [5, 4, 6, 5], "texture": "#0"},
				"up": {"uv": [5, 4, 6, 5], "texture": "#0"},
				"down": {"uv": [5, 4, 6, 5], "texture": "#0"}
			}
		},
		{
			"from": [10, 13, 8],
			"to": [11, 14, 9],
			"faces": {
				"north": {"uv": [5, 2, 6, 3], "texture": "#0"},
				"east": {"uv": [5, 2, 6, 3], "texture": "#0"},
				"south": {"uv": [5, 2, 6, 3], "texture": "#0"},
				"west": {"uv": [5, 2, 6, 3], "texture": "#0"},
				"up": {"uv": [5, 2, 6, 3], "texture": "#0"},
				"down": {"uv": [5, 2, 6, 3], "texture": "#0"}
			}
		},
		{
			"from": [11, 13, 8],
			"to": [12, 14, 9],
			"faces": {
				"north": {"uv": [11, 4, 12, 5], "texture": "#0"},
				"east": {"uv": [11, 4, 12, 5], "texture": "#0"},
				"south": {"uv": [11, 4, 12, 5], "texture": "#0"},
				"west": {"uv": [11, 4, 12, 5], "texture": "#0"},
				"up": {"uv": [11, 4, 12, 5], "texture": "#0"},
				"down": {"uv": [11, 4, 12, 5], "texture": "#0"}
			}
		},
		{
			"from": [11, 12, 8],
			"to": [12, 13, 9],
			"faces": {
				"north": {"uv": [5, 4, 6, 5], "texture": "#0"},
				"east": {"uv": [5, 4, 6, 5], "texture": "#0"},
				"south": {"uv": [5, 4, 6, 5], "texture": "#0"},
				"west": {"uv": [5, 4, 6, 5], "texture": "#0"},
				"up": {"uv": [5, 4, 6, 5], "texture": "#0"},
				"down": {"uv": [5, 4, 6, 5], "texture": "#0"}
			}
		},
		{
			"from": [12, 12, 8],
			"to": [13, 13, 9],
			"faces": {
				"north": {"uv": [11, 4, 12, 5], "texture": "#0"},
				"east": {"uv": [11, 4, 12, 5], "texture": "#0"},
				"south": {"uv": [11, 4, 12, 5], "texture": "#0"},
				"west": {"uv": [11, 4, 12, 5], "texture": "#0"},
				"up": {"uv": [11, 4, 12, 5], "texture": "#0"},
				"down": {"uv": [11, 4, 12, 5], "texture": "#0"}
			}
		},
		{
			"from": [11, 10, 8],
			"to": [12, 11, 9],
			"faces": {
				"north": {"uv": [5, 4, 6, 5], "texture": "#0"},
				"east": {"uv": [5, 4, 6, 5], "texture": "#0"},
				"south": {"uv": [5, 4, 6, 5], "texture": "#0"},
				"west": {"uv": [5, 4, 6, 5], "texture": "#0"},
				"up": {"uv": [5, 4, 6, 5], "texture": "#0"},
				"down": {"uv": [5, 4, 6, 5], "texture": "#0"}
			}
		},
		{
			"from": [12, 10, 8],
			"to": [13, 11, 9],
			"faces": {
				"north": {"uv": [11, 4, 12, 5], "texture": "#0"},
				"east": {"uv": [11, 4, 12, 5], "texture": "#0"},
				"south": {"uv": [11, 4, 12, 5], "texture": "#0"},
				"west": {"uv": [11, 4, 12, 5], "texture": "#0"},
				"up": {"uv": [11, 4, 12, 5], "texture": "#0"},
				"down": {"uv": [11, 4, 12, 5], "texture": "#0"}
			}
		},
		{
			"from": [11, 11, 8],
			"to": [12, 12, 9],
			"faces": {
				"north": {"uv": [5, 4, 6, 5], "texture": "#0"},
				"east": {"uv": [5, 4, 6, 5], "texture": "#0"},
				"south": {"uv": [5, 4, 6, 5], "texture": "#0"},
				"west": {"uv": [5, 4, 6, 5], "texture": "#0"},
				"up": {"uv": [5, 4, 6, 5], "texture": "#0"},
				"down": {"uv": [5, 4, 6, 5], "texture": "#0"}
			}
		},
		{
			"from": [12, 11, 8],
			"to": [13, 12, 9],
			"faces": {
				"north": {"uv": [11, 4, 12, 5], "texture": "#0"},
				"east": {"uv": [11, 4, 12, 5], "texture": "#0"},
				"south": {"uv": [11, 4, 12, 5], "texture": "#0"},
				"west": {"uv": [11, 4, 12, 5], "texture": "#0"},
				"up": {"uv": [11, 4, 12, 5], "texture": "#0"},
				"down": {"uv": [11, 4, 12, 5], "texture": "#0"}
			}
		},
		{
			"from": [11, 9, 8],
			"to": [12, 10, 9],
			"faces": {
				"north": {"uv": [5, 2, 6, 3], "texture": "#0"},
				"east": {"uv": [5, 2, 6, 3], "texture": "#0"},
				"south": {"uv": [5, 2, 6, 3], "texture": "#0"},
				"west": {"uv": [5, 2, 6, 3], "texture": "#0"},
				"up": {"uv": [5, 2, 6, 3], "texture": "#0"},
				"down": {"uv": [5, 2, 6, 3], "texture": "#0"}
			}
		},
		{
			"from": [11, 8, 8],
			"to": [12, 9, 9],
			"faces": {
				"north": {"uv": [11, 4, 12, 5], "texture": "#0"},
				"east": {"uv": [11, 4, 12, 5], "texture": "#0"},
				"south": {"uv": [11, 4, 12, 5], "texture": "#0"},
				"west": {"uv": [11, 4, 12, 5], "texture": "#0"},
				"up": {"uv": [11, 4, 12, 5], "texture": "#0"},
				"down": {"uv": [11, 4, 12, 5], "texture": "#0"}
			}
		},
		{
			"from": [12, 9, 8],
			"to": [13, 10, 9],
			"faces": {
				"north": {"uv": [11, 4, 12, 5], "texture": "#0"},
				"east": {"uv": [11, 4, 12, 5], "texture": "#0"},
				"south": {"uv": [11, 4, 12, 5], "texture": "#0"},
				"west": {"uv": [11, 4, 12, 5], "texture": "#0"},
				"up": {"uv": [11, 4, 12, 5], "texture": "#0"},
				"down": {"uv": [11, 4, 12, 5], "texture": "#0"}
			}
		},
		{
			"from": [11, 6, 8],
			"to": [12, 7, 9],
			"faces": {
				"north": {"uv": [5, 7, 6, 8], "texture": "#0"},
				"east": {"uv": [5, 7, 6, 8], "texture": "#0"},
				"south": {"uv": [5, 7, 6, 8], "texture": "#0"},
				"west": {"uv": [5, 7, 6, 8], "texture": "#0"},
				"up": {"uv": [5, 7, 6, 8], "texture": "#0"},
				"down": {"uv": [5, 7, 6, 8], "texture": "#0"}
			}
		},
		{
			"from": [12, 6, 8],
			"to": [13, 7, 9],
			"faces": {
				"north": {"uv": [8, 10, 9, 11], "texture": "#0"},
				"east": {"uv": [8, 10, 9, 11], "texture": "#0"},
				"south": {"uv": [8, 10, 9, 11], "texture": "#0"},
				"west": {"uv": [8, 10, 9, 11], "texture": "#0"},
				"up": {"uv": [8, 10, 9, 11], "texture": "#0"},
				"down": {"uv": [8, 10, 9, 11], "texture": "#0"}
			}
		},
		{
			"from": [13, 6, 8],
			"to": [14, 7, 9],
			"faces": {
				"north": {"uv": [6, 7, 7, 8], "texture": "#0"},
				"east": {"uv": [6, 7, 7, 8], "texture": "#0"},
				"south": {"uv": [6, 7, 7, 8], "texture": "#0"},
				"west": {"uv": [6, 7, 7, 8], "texture": "#0"},
				"up": {"uv": [6, 7, 7, 8], "texture": "#0"},
				"down": {"uv": [6, 7, 7, 8], "texture": "#0"}
			}
		},
		{
			"from": [12, 5, 8],
			"to": [13, 6, 9],
			"faces": {
				"north": {"uv": [6, 9, 7, 10], "texture": "#0"},
				"east": {"uv": [6, 9, 7, 10], "texture": "#0"},
				"south": {"uv": [6, 9, 7, 10], "texture": "#0"},
				"west": {"uv": [6, 9, 7, 10], "texture": "#0"},
				"up": {"uv": [6, 9, 7, 10], "texture": "#0"},
				"down": {"uv": [6, 9, 7, 10], "texture": "#0"}
			}
		},
		{
			"from": [13, 5, 8],
			"to": [14, 6, 9],
			"faces": {
				"north": {"uv": [6, 9, 7, 10], "texture": "#0"},
				"east": {"uv": [6, 9, 7, 10], "texture": "#0"},
				"south": {"uv": [6, 9, 7, 10], "texture": "#0"},
				"west": {"uv": [6, 9, 7, 10], "texture": "#0"},
				"up": {"uv": [6, 9, 7, 10], "texture": "#0"},
				"down": {"uv": [6, 9, 7, 10], "texture": "#0"}
			}
		},
		{
			"from": [14, 6, 8],
			"to": [15, 7, 9],
			"faces": {
				"north": {"uv": [8, 10, 9, 11], "texture": "#0"},
				"east": {"uv": [8, 10, 9, 11], "texture": "#0"},
				"south": {"uv": [8, 10, 9, 11], "texture": "#0"},
				"west": {"uv": [8, 10, 9, 11], "texture": "#0"},
				"up": {"uv": [8, 10, 9, 11], "texture": "#0"},
				"down": {"uv": [8, 10, 9, 11], "texture": "#0"}
			}
		},
		{
			"from": [11, 5, 8],
			"to": [12, 6, 9],
			"faces": {
				"north": {"uv": [6, 7, 7, 8], "texture": "#0"},
				"east": {"uv": [6, 7, 7, 8], "texture": "#0"},
				"south": {"uv": [6, 7, 7, 8], "texture": "#0"},
				"west": {"uv": [6, 7, 7, 8], "texture": "#0"},
				"up": {"uv": [6, 7, 7, 8], "texture": "#0"},
				"down": {"uv": [6, 7, 7, 8], "texture": "#0"}
			}
		}
	],
	"gui_light": "front",
	"display": {
		"thirdperson_righthand": {
			"translation": [0, 2.75, 0.5],
			"scale": [0.4, 0.4, 0.4]
		},
		"thirdperson_lefthand": {
			"translation": [0, 2.75, 0.5],
			"scale": [0.4, 0.4, 0.4]
		},
		"firstperson_righthand": {
			"rotation": [-31.5, -70.25, 0],
			"translation": [2, 3.75, 0],
			"scale": [0.5, 0.5, 0.5]
		},
		"firstperson_lefthand": {
			"rotation": [-31.5, -70.25, 0],
			"translation": [2, 3.75, 0],
			"scale": [0.5, 0.5, 0.5]
		},
		"ground": {
			"translation": [0, 2, 0],
			"scale": [0.4, 0.4, 0.4]
		},
		"gui": {
			"translation": [0, 0.5, 0],
			"scale": [0.8, 0.8, 0.8]
		},
		"head": {
			"translation": [4, -3.5, -7.25]
		}
	}
}