{
	"credit": "Made with Blockbench",
	"textures": {
		"1": "custom_blocks/raw_gold_block_sword",
		"particle": "custom_blocks/raw_gold_block_sword"
	},
	"elements": [
		{
			"from": [8, 1, 7],
			"to": [9, 2, 8],
			"faces": {
				"north": {"uv": [3, 0, 4, 1], "texture": "#1"},
				"east": {"uv": [3, 0, 4, 1], "texture": "#1"},
				"south": {"uv": [3, 0, 4, 1], "texture": "#1"},
				"west": {"uv": [3, 0, 4, 1], "texture": "#1"},
				"up": {"uv": [3, 0, 4, 1], "texture": "#1"},
				"down": {"uv": [3, 0, 4, 1], "texture": "#1"}
			}
		},
		{
			"from": [9, 1, 7],
			"to": [10, 2, 8],
			"faces": {
				"north": {"uv": [3, 0, 4, 1], "texture": "#1"},
				"east": {"uv": [3, 0, 4, 1], "texture": "#1"},
				"south": {"uv": [3, 0, 4, 1], "texture": "#1"},
				"west": {"uv": [3, 0, 4, 1], "texture": "#1"},
				"up": {"uv": [3, 0, 4, 1], "texture": "#1"},
				"down": {"uv": [3, 0, 4, 1], "texture": "#1"}
			}
		},
		{
			"from": [10, 2, 7],
			"to": [11, 3, 8],
			"faces": {
				"north": {"uv": [3, 0, 4, 1], "texture": "#1"},
				"east": {"uv": [3, 0, 4, 1], "texture": "#1"},
				"south": {"uv": [3, 0, 4, 1], "texture": "#1"},
				"west": {"uv": [3, 0, 4, 1], "texture": "#1"},
				"up": {"uv": [3, 0, 4, 1], "texture": "#1"},
				"down": {"uv": [3, 0, 4, 1], "texture": "#1"}
			}
		},
		{
			"from": [11, 3, 7],
			"to": [12, 4, 8],
			"faces": {
				"north": {"uv": [3, 0, 4, 1], "texture": "#1"},
				"east": {"uv": [3, 0, 4, 1], "texture": "#1"},
				"south": {"uv": [3, 0, 4, 1], "texture": "#1"},
				"west": {"uv": [3, 0, 4, 1], "texture": "#1"},
				"up": {"uv": [3, 0, 4, 1], "texture": "#1"},
				"down": {"uv": [3, 0, 4, 1], "texture": "#1"}
			}
		},
		{
			"from": [10, 3, 7],
			"to": [11, 4, 8],
			"faces": {
				"north": {"uv": [1, 3, 2, 4], "texture": "#1"},
				"east": {"uv": [1, 3, 2, 4], "texture": "#1"},
				"south": {"uv": [1, 3, 2, 4], "texture": "#1"},
				"west": {"uv": [1, 3, 2, 4], "texture": "#1"},
				"up": {"uv": [1, 3, 2, 4], "texture": "#1"},
				"down": {"uv": [1, 3, 2, 4], "texture": "#1"}
			}
		},
		{
			"from": [12, 4, 7],
			"to": [13, 5, 8],
			"faces": {
				"north": {"uv": [3, 0, 4, 1], "texture": "#1"},
				"east": {"uv": [3, 0, 4, 1], "texture": "#1"},
				"south": {"uv": [3, 0, 4, 1], "texture": "#1"},
				"west": {"uv": [3, 0, 4, 1], "texture": "#1"},
				"up": {"uv": [3, 0, 4, 1], "texture": "#1"},
				"down": {"uv": [3, 0, 4, 1], "texture": "#1"}
			}
		},
		{
			"from": [12, 5, 7],
			"to": [13, 6, 8],
			"faces": {
				"north": {"uv": [3, 0, 4, 1], "texture": "#1"},
				"east": {"uv": [3, 0, 4, 1], "texture": "#1"},
				"south": {"uv": [3, 0, 4, 1], "texture": "#1"},
				"west": {"uv": [3, 0, 4, 1], "texture": "#1"},
				"up": {"uv": [3, 0, 4, 1], "texture": "#1"},
				"down": {"uv": [3, 0, 4, 1], "texture": "#1"}
			}
		},
		{
			"from": [12, 6, 7],
			"to": [13, 7, 8],
			"faces": {
				"north": {"uv": [0, 1, 1, 2], "texture": "#1"},
				"east": {"uv": [0, 1, 1, 2], "texture": "#1"},
				"south": {"uv": [0, 1, 1, 2], "texture": "#1"},
				"west": {"uv": [0, 1, 1, 2], "texture": "#1"},
				"up": {"uv": [0, 1, 1, 2], "texture": "#1"},
				"down": {"uv": [0, 1, 1, 2], "texture": "#1"}
			}
		},
		{
			"from": [13, 6, 7],
			"to": [14, 7, 8],
			"faces": {
				"north": {"uv": [3, 0, 4, 1], "texture": "#1"},
				"east": {"uv": [3, 0, 4, 1], "texture": "#1"},
				"south": {"uv": [3, 0, 4, 1], "texture": "#1"},
				"west": {"uv": [3, 0, 4, 1], "texture": "#1"},
				"up": {"uv": [3, 0, 4, 1], "texture": "#1"},
				"down": {"uv": [3, 0, 4, 1], "texture": "#1"}
			}
		},
		{
			"from": [13, 7, 7],
			"to": [14, 8, 8],
			"faces": {
				"north": {"uv": [3, 0, 4, 1], "texture": "#1"},
				"east": {"uv": [3, 0, 4, 1], "texture": "#1"},
				"south": {"uv": [3, 0, 4, 1], "texture": "#1"},
				"west": {"uv": [3, 0, 4, 1], "texture": "#1"},
				"up": {"uv": [3, 0, 4, 1], "texture": "#1"},
				"down": {"uv": [3, 0, 4, 1], "texture": "#1"}
			}
		},
		{
			"from": [13, 8, 7],
			"to": [14, 9, 8],
			"faces": {
				"north": {"uv": [5, 0, 6, 1], "texture": "#1"},
				"east": {"uv": [5, 0, 6, 1], "texture": "#1"},
				"south": {"uv": [5, 0, 6, 1], "texture": "#1"},
				"west": {"uv": [5, 0, 6, 1], "texture": "#1"},
				"up": {"uv": [5, 0, 6, 1], "texture": "#1"},
				"down": {"uv": [5, 0, 6, 1], "texture": "#1"}
			}
		},
		{
			"from": [12, 8, 7],
			"to": [13, 9, 8],
			"faces": {
				"north": {"uv": [2, 2, 3, 3], "texture": "#1"},
				"east": {"uv": [2, 2, 3, 3], "texture": "#1"},
				"south": {"uv": [2, 2, 3, 3], "texture": "#1"},
				"west": {"uv": [2, 2, 3, 3], "texture": "#1"},
				"up": {"uv": [2, 2, 3, 3], "texture": "#1"},
				"down": {"uv": [2, 2, 3, 3], "texture": "#1"}
			}
		},
		{
			"from": [12, 9, 7],
			"to": [13, 10, 8],
			"faces": {
				"north": {"uv": [5, 0, 6, 1], "texture": "#1"},
				"east": {"uv": [5, 0, 6, 1], "texture": "#1"},
				"south": {"uv": [5, 0, 6, 1], "texture": "#1"},
				"west": {"uv": [5, 0, 6, 1], "texture": "#1"},
				"up": {"uv": [5, 0, 6, 1], "texture": "#1"},
				"down": {"uv": [5, 0, 6, 1], "texture": "#1"}
			}
		},
		{
			"from": [11, 9, 7],
			"to": [12, 10, 8],
			"faces": {
				"north": {"uv": [5, 0, 6, 1], "texture": "#1"},
				"east": {"uv": [5, 0, 6, 1], "texture": "#1"},
				"south": {"uv": [5, 0, 6, 1], "texture": "#1"},
				"west": {"uv": [5, 0, 6, 1], "texture": "#1"},
				"up": {"uv": [5, 0, 6, 1], "texture": "#1"},
				"down": {"uv": [5, 0, 6, 1], "texture": "#1"}
			}
		},
		{
			"from": [10, 10, 7],
			"to": [11, 11, 8],
			"faces": {
				"north": {"uv": [5, 0, 6, 1], "texture": "#1"},
				"east": {"uv": [5, 0, 6, 1], "texture": "#1"},
				"south": {"uv": [5, 0, 6, 1], "texture": "#1"},
				"west": {"uv": [5, 0, 6, 1], "texture": "#1"},
				"up": {"uv": [5, 0, 6, 1], "texture": "#1"},
				"down": {"uv": [5, 0, 6, 1], "texture": "#1"}
			}
		},
		{
			"from": [9, 10, 7],
			"to": [10, 11, 8],
			"faces": {
				"north": {"uv": [5, 0, 6, 1], "texture": "#1"},
				"east": {"uv": [5, 0, 6, 1], "texture": "#1"},
				"south": {"uv": [5, 0, 6, 1], "texture": "#1"},
				"west": {"uv": [5, 0, 6, 1], "texture": "#1"},
				"up": {"uv": [5, 0, 6, 1], "texture": "#1"},
				"down": {"uv": [5, 0, 6, 1], "texture": "#1"}
			}
		},
		{
			"from": [8, 11, 7],
			"to": [9, 12, 8],
			"faces": {
				"north": {"uv": [5, 0, 6, 1], "texture": "#1"},
				"east": {"uv": [5, 0, 6, 1], "texture": "#1"},
				"south": {"uv": [5, 0, 6, 1], "texture": "#1"},
				"west": {"uv": [5, 0, 6, 1], "texture": "#1"},
				"up": {"uv": [5, 0, 6, 1], "texture": "#1"},
				"down": {"uv": [5, 0, 6, 1], "texture": "#1"}
			}
		},
		{
			"from": [7, 11, 7],
			"to": [8, 12, 8],
			"faces": {
				"north": {"uv": [5, 0, 6, 1], "texture": "#1"},
				"east": {"uv": [5, 0, 6, 1], "texture": "#1"},
				"south": {"uv": [5, 0, 6, 1], "texture": "#1"},
				"west": {"uv": [5, 0, 6, 1], "texture": "#1"},
				"up": {"uv": [5, 0, 6, 1], "texture": "#1"},
				"down": {"uv": [5, 0, 6, 1], "texture": "#1"}
			}
		},
		{
			"from": [6, 12, 7],
			"to": [7, 13, 8],
			"faces": {
				"north": {"uv": [5, 0, 6, 1], "texture": "#1"},
				"east": {"uv": [5, 0, 6, 1], "texture": "#1"},
				"south": {"uv": [5, 0, 6, 1], "texture": "#1"},
				"west": {"uv": [5, 0, 6, 1], "texture": "#1"},
				"up": {"uv": [5, 0, 6, 1], "texture": "#1"},
				"down": {"uv": [5, 0, 6, 1], "texture": "#1"}
			}
		},
		{
			"from": [5, 12, 7],
			"to": [6, 13, 8],
			"faces": {
				"north": {"uv": [5, 0, 6, 1], "texture": "#1"},
				"east": {"uv": [5, 0, 6, 1], "texture": "#1"},
				"south": {"uv": [5, 0, 6, 1], "texture": "#1"},
				"west": {"uv": [5, 0, 6, 1], "texture": "#1"},
				"up": {"uv": [5, 0, 6, 1], "texture": "#1"},
				"down": {"uv": [5, 0, 6, 1], "texture": "#1"}
			}
		},
		{
			"from": [4, 13, 7],
			"to": [5, 14, 8],
			"faces": {
				"north": {"uv": [5, 0, 6, 1], "texture": "#1"},
				"east": {"uv": [5, 0, 6, 1], "texture": "#1"},
				"south": {"uv": [5, 0, 6, 1], "texture": "#1"},
				"west": {"uv": [5, 0, 6, 1], "texture": "#1"},
				"up": {"uv": [5, 0, 6, 1], "texture": "#1"},
				"down": {"uv": [5, 0, 6, 1], "texture": "#1"}
			}
		},
		{
			"from": [3, 13, 7],
			"to": [4, 14, 8],
			"faces": {
				"north": {"uv": [5, 0, 6, 1], "texture": "#1"},
				"east": {"uv": [5, 0, 6, 1], "texture": "#1"},
				"south": {"uv": [5, 0, 6, 1], "texture": "#1"},
				"west": {"uv": [5, 0, 6, 1], "texture": "#1"},
				"up": {"uv": [5, 0, 6, 1], "texture": "#1"},
				"down": {"uv": [5, 0, 6, 1], "texture": "#1"}
			}
		},
		{
			"from": [3, 12, 7],
			"to": [4, 13, 8],
			"faces": {
				"north": {"uv": [5, 0, 6, 1], "texture": "#1"},
				"east": {"uv": [5, 0, 6, 1], "texture": "#1"},
				"south": {"uv": [5, 0, 6, 1], "texture": "#1"},
				"west": {"uv": [5, 0, 6, 1], "texture": "#1"},
				"up": {"uv": [5, 0, 6, 1], "texture": "#1"},
				"down": {"uv": [5, 0, 6, 1], "texture": "#1"}
			}
		},
		{
			"from": [3, 11, 7],
			"to": [4, 12, 8],
			"faces": {
				"north": {"uv": [0, 0, 1, 1], "texture": "#1"},
				"east": {"uv": [0, 0, 1, 1], "texture": "#1"},
				"south": {"uv": [0, 0, 1, 1], "texture": "#1"},
				"west": {"uv": [0, 0, 1, 1], "texture": "#1"},
				"up": {"uv": [0, 0, 1, 1], "texture": "#1"},
				"down": {"uv": [0, 0, 1, 1], "texture": "#1"}
			}
		},
		{
			"from": [2, 11, 7],
			"to": [3, 12, 8],
			"faces": {
				"north": {"uv": [5, 0, 6, 1], "texture": "#1"},
				"east": {"uv": [5, 0, 6, 1], "texture": "#1"},
				"south": {"uv": [5, 0, 6, 1], "texture": "#1"},
				"west": {"uv": [5, 0, 6, 1], "texture": "#1"},
				"up": {"uv": [5, 0, 6, 1], "texture": "#1"},
				"down": {"uv": [5, 0, 6, 1], "texture": "#1"}
			}
		},
		{
			"from": [3, 9, 7],
			"to": [4, 10, 8],
			"faces": {
				"north": {"uv": [3, 0, 4, 1], "texture": "#1"},
				"east": {"uv": [3, 0, 4, 1], "texture": "#1"},
				"south": {"uv": [3, 0, 4, 1], "texture": "#1"},
				"west": {"uv": [3, 0, 4, 1], "texture": "#1"},
				"up": {"uv": [3, 0, 4, 1], "texture": "#1"},
				"down": {"uv": [3, 0, 4, 1], "texture": "#1"}
			}
		},
		{
			"from": [4, 9, 7],
			"to": [5, 10, 8],
			"faces": {
				"north": {"uv": [2, 2, 3, 3], "texture": "#1"},
				"east": {"uv": [2, 2, 3, 3], "texture": "#1"},
				"south": {"uv": [2, 2, 3, 3], "texture": "#1"},
				"west": {"uv": [2, 2, 3, 3], "texture": "#1"},
				"up": {"uv": [2, 2, 3, 3], "texture": "#1"},
				"down": {"uv": [2, 2, 3, 3], "texture": "#1"}
			}
		},
		{
			"from": [4, 8, 7],
			"to": [5, 9, 8],
			"faces": {
				"north": {"uv": [3, 0, 4, 1], "texture": "#1"},
				"east": {"uv": [3, 0, 4, 1], "texture": "#1"},
				"south": {"uv": [3, 0, 4, 1], "texture": "#1"},
				"west": {"uv": [3, 0, 4, 1], "texture": "#1"},
				"up": {"uv": [3, 0, 4, 1], "texture": "#1"},
				"down": {"uv": [3, 0, 4, 1], "texture": "#1"}
			}
		},
		{
			"from": [4, 7, 7],
			"to": [5, 8, 8],
			"faces": {
				"north": {"uv": [3, 0, 4, 1], "texture": "#1"},
				"east": {"uv": [3, 0, 4, 1], "texture": "#1"},
				"south": {"uv": [3, 0, 4, 1], "texture": "#1"},
				"west": {"uv": [3, 0, 4, 1], "texture": "#1"},
				"up": {"uv": [3, 0, 4, 1], "texture": "#1"},
				"down": {"uv": [3, 0, 4, 1], "texture": "#1"}
			}
		},
		{
			"from": [5, 6, 7],
			"to": [6, 7, 8],
			"faces": {
				"north": {"uv": [3, 0, 4, 1], "texture": "#1"},
				"east": {"uv": [3, 0, 4, 1], "texture": "#1"},
				"south": {"uv": [3, 0, 4, 1], "texture": "#1"},
				"west": {"uv": [3, 0, 4, 1], "texture": "#1"},
				"up": {"uv": [3, 0, 4, 1], "texture": "#1"},
				"down": {"uv": [3, 0, 4, 1], "texture": "#1"}
			}
		},
		{
			"from": [5, 5, 7],
			"to": [6, 6, 8],
			"faces": {
				"north": {"uv": [3, 0, 4, 1], "texture": "#1"},
				"east": {"uv": [3, 0, 4, 1], "texture": "#1"},
				"south": {"uv": [3, 0, 4, 1], "texture": "#1"},
				"west": {"uv": [3, 0, 4, 1], "texture": "#1"},
				"up": {"uv": [3, 0, 4, 1], "texture": "#1"},
				"down": {"uv": [3, 0, 4, 1], "texture": "#1"}
			}
		},
		{
			"from": [6, 4, 7],
			"to": [7, 5, 8],
			"faces": {
				"north": {"uv": [3, 0, 4, 1], "texture": "#1"},
				"east": {"uv": [3, 0, 4, 1], "texture": "#1"},
				"south": {"uv": [3, 0, 4, 1], "texture": "#1"},
				"west": {"uv": [3, 0, 4, 1], "texture": "#1"},
				"up": {"uv": [3, 0, 4, 1], "texture": "#1"},
				"down": {"uv": [3, 0, 4, 1], "texture": "#1"}
			}
		},
		{
			"from": [6, 3, 7],
			"to": [7, 4, 8],
			"faces": {
				"north": {"uv": [3, 0, 4, 1], "texture": "#1"},
				"east": {"uv": [3, 0, 4, 1], "texture": "#1"},
				"south": {"uv": [3, 0, 4, 1], "texture": "#1"},
				"west": {"uv": [3, 0, 4, 1], "texture": "#1"},
				"up": {"uv": [3, 0, 4, 1], "texture": "#1"},
				"down": {"uv": [3, 0, 4, 1], "texture": "#1"}
			}
		},
		{
			"from": [7, 3, 7],
			"to": [8, 4, 8],
			"faces": {
				"north": {"uv": [1, 3, 2, 4], "texture": "#1"},
				"east": {"uv": [1, 3, 2, 4], "texture": "#1"},
				"south": {"uv": [1, 3, 2, 4], "texture": "#1"},
				"west": {"uv": [1, 3, 2, 4], "texture": "#1"},
				"up": {"uv": [1, 3, 2, 4], "texture": "#1"},
				"down": {"uv": [1, 3, 2, 4], "texture": "#1"}
			}
		},
		{
			"from": [7, 2, 7],
			"to": [8, 3, 8],
			"faces": {
				"north": {"uv": [3, 0, 4, 1], "texture": "#1"},
				"east": {"uv": [3, 0, 4, 1], "texture": "#1"},
				"south": {"uv": [3, 0, 4, 1], "texture": "#1"},
				"west": {"uv": [3, 0, 4, 1], "texture": "#1"},
				"up": {"uv": [3, 0, 4, 1], "texture": "#1"},
				"down": {"uv": [3, 0, 4, 1], "texture": "#1"}
			}
		},
		{
			"from": [8, 3, 7],
			"to": [9, 4, 8],
			"faces": {
				"north": {"uv": [2, 2, 3, 3], "texture": "#1"},
				"east": {"uv": [2, 2, 3, 3], "texture": "#1"},
				"south": {"uv": [2, 2, 3, 3], "texture": "#1"},
				"west": {"uv": [2, 2, 3, 3], "texture": "#1"},
				"up": {"uv": [2, 2, 3, 3], "texture": "#1"},
				"down": {"uv": [2, 2, 3, 3], "texture": "#1"}
			}
		},
		{
			"from": [8, 2, 7],
			"to": [9, 3, 8],
			"faces": {
				"north": {"uv": [1, 3, 2, 4], "texture": "#1"},
				"east": {"uv": [1, 3, 2, 4], "texture": "#1"},
				"south": {"uv": [1, 3, 2, 4], "texture": "#1"},
				"west": {"uv": [1, 3, 2, 4], "texture": "#1"},
				"up": {"uv": [1, 3, 2, 4], "texture": "#1"},
				"down": {"uv": [1, 3, 2, 4], "texture": "#1"}
			}
		},
		{
			"from": [9, 3, 7],
			"to": [10, 4, 8],
			"faces": {
				"north": {"uv": [2, 2, 3, 3], "texture": "#1"},
				"east": {"uv": [2, 2, 3, 3], "texture": "#1"},
				"south": {"uv": [2, 2, 3, 3], "texture": "#1"},
				"west": {"uv": [2, 2, 3, 3], "texture": "#1"},
				"up": {"uv": [2, 2, 3, 3], "texture": "#1"},
				"down": {"uv": [2, 2, 3, 3], "texture": "#1"}
			}
		},
		{
			"from": [7, 4, 7],
			"to": [8, 5, 8],
			"faces": {
				"north": {"uv": [2, 2, 3, 3], "texture": "#1"},
				"east": {"uv": [2, 2, 3, 3], "texture": "#1"},
				"south": {"uv": [2, 2, 3, 3], "texture": "#1"},
				"west": {"uv": [2, 2, 3, 3], "texture": "#1"},
				"up": {"uv": [2, 2, 3, 3], "texture": "#1"},
				"down": {"uv": [2, 2, 3, 3], "texture": "#1"}
			}
		},
		{
			"from": [8, 4, 7],
			"to": [9, 5, 8],
			"faces": {
				"north": {"uv": [2, 2, 3, 3], "texture": "#1"},
				"east": {"uv": [2, 2, 3, 3], "texture": "#1"},
				"south": {"uv": [2, 2, 3, 3], "texture": "#1"},
				"west": {"uv": [2, 2, 3, 3], "texture": "#1"},
				"up": {"uv": [2, 2, 3, 3], "texture": "#1"},
				"down": {"uv": [2, 2, 3, 3], "texture": "#1"}
			}
		},
		{
			"from": [9, 4, 7],
			"to": [10, 5, 8],
			"faces": {
				"north": {"uv": [2, 2, 3, 3], "texture": "#1"},
				"east": {"uv": [2, 2, 3, 3], "texture": "#1"},
				"south": {"uv": [2, 2, 3, 3], "texture": "#1"},
				"west": {"uv": [2, 2, 3, 3], "texture": "#1"},
				"up": {"uv": [2, 2, 3, 3], "texture": "#1"},
				"down": {"uv": [2, 2, 3, 3], "texture": "#1"}
			}
		},
		{
			"from": [10, 4, 7],
			"to": [11, 5, 8],
			"faces": {
				"north": {"uv": [2, 2, 3, 3], "texture": "#1"},
				"east": {"uv": [2, 2, 3, 3], "texture": "#1"},
				"south": {"uv": [2, 2, 3, 3], "texture": "#1"},
				"west": {"uv": [2, 2, 3, 3], "texture": "#1"},
				"up": {"uv": [2, 2, 3, 3], "texture": "#1"},
				"down": {"uv": [2, 2, 3, 3], "texture": "#1"}
			}
		},
		{
			"from": [11, 4, 7],
			"to": [12, 5, 8],
			"faces": {
				"north": {"uv": [1, 3, 2, 4], "texture": "#1"},
				"east": {"uv": [1, 3, 2, 4], "texture": "#1"},
				"south": {"uv": [1, 3, 2, 4], "texture": "#1"},
				"west": {"uv": [1, 3, 2, 4], "texture": "#1"},
				"up": {"uv": [1, 3, 2, 4], "texture": "#1"},
				"down": {"uv": [1, 3, 2, 4], "texture": "#1"}
			}
		},
		{
			"from": [7, 5, 7],
			"to": [8, 6, 8],
			"faces": {
				"north": {"uv": [2, 2, 3, 3], "texture": "#1"},
				"east": {"uv": [2, 2, 3, 3], "texture": "#1"},
				"south": {"uv": [2, 2, 3, 3], "texture": "#1"},
				"west": {"uv": [2, 2, 3, 3], "texture": "#1"},
				"up": {"uv": [2, 2, 3, 3], "texture": "#1"},
				"down": {"uv": [2, 2, 3, 3], "texture": "#1"}
			}
		},
		{
			"from": [8, 5, 7],
			"to": [9, 6, 8],
			"faces": {
				"north": {"uv": [0, 0, 1, 1], "texture": "#1"},
				"east": {"uv": [0, 0, 1, 1], "texture": "#1"},
				"south": {"uv": [0, 0, 1, 1], "texture": "#1"},
				"west": {"uv": [0, 0, 1, 1], "texture": "#1"},
				"up": {"uv": [0, 0, 1, 1], "texture": "#1"},
				"down": {"uv": [0, 0, 1, 1], "texture": "#1"}
			}
		},
		{
			"from": [9, 5, 7],
			"to": [10, 6, 8],
			"faces": {
				"north": {"uv": [0, 0, 1, 1], "texture": "#1"},
				"east": {"uv": [0, 0, 1, 1], "texture": "#1"},
				"south": {"uv": [0, 0, 1, 1], "texture": "#1"},
				"west": {"uv": [0, 0, 1, 1], "texture": "#1"},
				"up": {"uv": [0, 0, 1, 1], "texture": "#1"},
				"down": {"uv": [0, 0, 1, 1], "texture": "#1"}
			}
		},
		{
			"from": [10, 5, 7],
			"to": [11, 6, 8],
			"faces": {
				"north": {"uv": [0, 0, 1, 1], "texture": "#1"},
				"east": {"uv": [0, 0, 1, 1], "texture": "#1"},
				"south": {"uv": [0, 0, 1, 1], "texture": "#1"},
				"west": {"uv": [0, 0, 1, 1], "texture": "#1"},
				"up": {"uv": [0, 0, 1, 1], "texture": "#1"},
				"down": {"uv": [0, 0, 1, 1], "texture": "#1"}
			}
		},
		{
			"from": [11, 5, 7],
			"to": [12, 6, 8],
			"faces": {
				"north": {"uv": [0, 0, 1, 1], "texture": "#1"},
				"east": {"uv": [0, 0, 1, 1], "texture": "#1"},
				"south": {"uv": [0, 0, 1, 1], "texture": "#1"},
				"west": {"uv": [0, 0, 1, 1], "texture": "#1"},
				"up": {"uv": [0, 0, 1, 1], "texture": "#1"},
				"down": {"uv": [0, 0, 1, 1], "texture": "#1"}
			}
		},
		{
			"from": [7, 6, 7],
			"to": [8, 7, 8],
			"faces": {
				"north": {"uv": [0, 0, 1, 1], "texture": "#1"},
				"east": {"uv": [0, 0, 1, 1], "texture": "#1"},
				"south": {"uv": [0, 0, 1, 1], "texture": "#1"},
				"west": {"uv": [0, 0, 1, 1], "texture": "#1"},
				"up": {"uv": [0, 0, 1, 1], "texture": "#1"},
				"down": {"uv": [0, 0, 1, 1], "texture": "#1"}
			}
		},
		{
			"from": [8, 6, 7],
			"to": [9, 7, 8],
			"faces": {
				"north": {"uv": [0, 0, 1, 1], "texture": "#1"},
				"east": {"uv": [0, 0, 1, 1], "texture": "#1"},
				"south": {"uv": [0, 0, 1, 1], "texture": "#1"},
				"west": {"uv": [0, 0, 1, 1], "texture": "#1"},
				"up": {"uv": [0, 0, 1, 1], "texture": "#1"},
				"down": {"uv": [0, 0, 1, 1], "texture": "#1"}
			}
		},
		{
			"from": [9, 6, 7],
			"to": [10, 7, 8],
			"faces": {
				"north": {"uv": [0, 0, 1, 1], "texture": "#1"},
				"east": {"uv": [0, 0, 1, 1], "texture": "#1"},
				"south": {"uv": [0, 0, 1, 1], "texture": "#1"},
				"west": {"uv": [0, 0, 1, 1], "texture": "#1"},
				"up": {"uv": [0, 0, 1, 1], "texture": "#1"},
				"down": {"uv": [0, 0, 1, 1], "texture": "#1"}
			}
		},
		{
			"from": [10, 6, 7],
			"to": [11, 7, 8],
			"faces": {
				"north": {"uv": [0, 0, 1, 1], "texture": "#1"},
				"east": {"uv": [0, 0, 1, 1], "texture": "#1"},
				"south": {"uv": [0, 0, 1, 1], "texture": "#1"},
				"west": {"uv": [0, 0, 1, 1], "texture": "#1"},
				"up": {"uv": [0, 0, 1, 1], "texture": "#1"},
				"down": {"uv": [0, 0, 1, 1], "texture": "#1"}
			}
		},
		{
			"from": [11, 6, 7],
			"to": [12, 7, 8],
			"faces": {
				"north": {"uv": [2, 2, 3, 3], "texture": "#1"},
				"east": {"uv": [2, 2, 3, 3], "texture": "#1"},
				"south": {"uv": [2, 2, 3, 3], "texture": "#1"},
				"west": {"uv": [2, 2, 3, 3], "texture": "#1"},
				"up": {"uv": [2, 2, 3, 3], "texture": "#1"},
				"down": {"uv": [2, 2, 3, 3], "texture": "#1"}
			}
		},
		{
			"from": [7, 7, 7],
			"to": [8, 8, 8],
			"faces": {
				"north": {"uv": [1, 3, 2, 4], "texture": "#1"},
				"east": {"uv": [1, 3, 2, 4], "texture": "#1"},
				"south": {"uv": [1, 3, 2, 4], "texture": "#1"},
				"west": {"uv": [1, 3, 2, 4], "texture": "#1"},
				"up": {"uv": [1, 3, 2, 4], "texture": "#1"},
				"down": {"uv": [1, 3, 2, 4], "texture": "#1"}
			}
		},
		{
			"from": [8, 7, 7],
			"to": [9, 8, 8],
			"faces": {
				"north": {"uv": [2, 2, 3, 3], "texture": "#1"},
				"east": {"uv": [2, 2, 3, 3], "texture": "#1"},
				"south": {"uv": [2, 2, 3, 3], "texture": "#1"},
				"west": {"uv": [2, 2, 3, 3], "texture": "#1"},
				"up": {"uv": [2, 2, 3, 3], "texture": "#1"},
				"down": {"uv": [2, 2, 3, 3], "texture": "#1"}
			}
		},
		{
			"from": [9, 7, 7],
			"to": [10, 8, 8],
			"faces": {
				"north": {"uv": [2, 2, 3, 3], "texture": "#1"},
				"east": {"uv": [2, 2, 3, 3], "texture": "#1"},
				"south": {"uv": [2, 2, 3, 3], "texture": "#1"},
				"west": {"uv": [2, 2, 3, 3], "texture": "#1"},
				"up": {"uv": [2, 2, 3, 3], "texture": "#1"},
				"down": {"uv": [2, 2, 3, 3], "texture": "#1"}
			}
		},
		{
			"from": [10, 7, 7],
			"to": [11, 8, 8],
			"faces": {
				"north": {"uv": [2, 2, 3, 3], "texture": "#1"},
				"east": {"uv": [2, 2, 3, 3], "texture": "#1"},
				"south": {"uv": [2, 2, 3, 3], "texture": "#1"},
				"west": {"uv": [2, 2, 3, 3], "texture": "#1"},
				"up": {"uv": [2, 2, 3, 3], "texture": "#1"},
				"down": {"uv": [2, 2, 3, 3], "texture": "#1"}
			}
		},
		{
			"from": [11, 7, 7],
			"to": [12, 8, 8],
			"faces": {
				"north": {"uv": [0, 1, 1, 2], "texture": "#1"},
				"east": {"uv": [0, 1, 1, 2], "texture": "#1"},
				"south": {"uv": [0, 1, 1, 2], "texture": "#1"},
				"west": {"uv": [0, 1, 1, 2], "texture": "#1"},
				"up": {"uv": [0, 1, 1, 2], "texture": "#1"},
				"down": {"uv": [0, 1, 1, 2], "texture": "#1"}
			}
		},
		{
			"from": [12, 7, 7],
			"to": [13, 8, 8],
			"faces": {
				"north": {"uv": [0, 0, 1, 1], "texture": "#1"},
				"east": {"uv": [0, 0, 1, 1], "texture": "#1"},
				"south": {"uv": [0, 0, 1, 1], "texture": "#1"},
				"west": {"uv": [0, 0, 1, 1], "texture": "#1"},
				"up": {"uv": [0, 0, 1, 1], "texture": "#1"},
				"down": {"uv": [0, 0, 1, 1], "texture": "#1"}
			}
		},
		{
			"from": [7, 8, 7],
			"to": [8, 9, 8],
			"faces": {
				"north": {"uv": [2, 2, 3, 3], "texture": "#1"},
				"east": {"uv": [2, 2, 3, 3], "texture": "#1"},
				"south": {"uv": [2, 2, 3, 3], "texture": "#1"},
				"west": {"uv": [2, 2, 3, 3], "texture": "#1"},
				"up": {"uv": [2, 2, 3, 3], "texture": "#1"},
				"down": {"uv": [2, 2, 3, 3], "texture": "#1"}
			}
		},
		{
			"from": [8, 8, 7],
			"to": [9, 9, 8],
			"faces": {
				"north": {"uv": [2, 2, 3, 3], "texture": "#1"},
				"east": {"uv": [2, 2, 3, 3], "texture": "#1"},
				"south": {"uv": [2, 2, 3, 3], "texture": "#1"},
				"west": {"uv": [2, 2, 3, 3], "texture": "#1"},
				"up": {"uv": [2, 2, 3, 3], "texture": "#1"},
				"down": {"uv": [2, 2, 3, 3], "texture": "#1"}
			}
		},
		{
			"from": [9, 8, 7],
			"to": [10, 9, 8],
			"faces": {
				"north": {"uv": [0, 1, 1, 2], "texture": "#1"},
				"east": {"uv": [0, 1, 1, 2], "texture": "#1"},
				"south": {"uv": [0, 1, 1, 2], "texture": "#1"},
				"west": {"uv": [0, 1, 1, 2], "texture": "#1"},
				"up": {"uv": [0, 1, 1, 2], "texture": "#1"},
				"down": {"uv": [0, 1, 1, 2], "texture": "#1"}
			}
		},
		{
			"from": [10, 8, 7],
			"to": [11, 9, 8],
			"faces": {
				"north": {"uv": [0, 1, 1, 2], "texture": "#1"},
				"east": {"uv": [0, 1, 1, 2], "texture": "#1"},
				"south": {"uv": [0, 1, 1, 2], "texture": "#1"},
				"west": {"uv": [0, 1, 1, 2], "texture": "#1"},
				"up": {"uv": [0, 1, 1, 2], "texture": "#1"},
				"down": {"uv": [0, 1, 1, 2], "texture": "#1"}
			}
		},
		{
			"from": [7, 9, 7],
			"to": [8, 10, 8],
			"faces": {
				"north": {"uv": [0, 1, 1, 2], "texture": "#1"},
				"east": {"uv": [0, 1, 1, 2], "texture": "#1"},
				"south": {"uv": [0, 1, 1, 2], "texture": "#1"},
				"west": {"uv": [0, 1, 1, 2], "texture": "#1"},
				"up": {"uv": [0, 1, 1, 2], "texture": "#1"},
				"down": {"uv": [0, 1, 1, 2], "texture": "#1"}
			}
		},
		{
			"from": [8, 9, 7],
			"to": [9, 10, 8],
			"faces": {
				"north": {"uv": [0, 1, 1, 2], "texture": "#1"},
				"east": {"uv": [0, 1, 1, 2], "texture": "#1"},
				"south": {"uv": [0, 1, 1, 2], "texture": "#1"},
				"west": {"uv": [0, 1, 1, 2], "texture": "#1"},
				"up": {"uv": [0, 1, 1, 2], "texture": "#1"},
				"down": {"uv": [0, 1, 1, 2], "texture": "#1"}
			}
		},
		{
			"from": [7, 10, 7],
			"to": [8, 11, 8],
			"faces": {
				"north": {"uv": [0, 0, 1, 1], "texture": "#1"},
				"east": {"uv": [0, 0, 1, 1], "texture": "#1"},
				"south": {"uv": [0, 0, 1, 1], "texture": "#1"},
				"west": {"uv": [0, 0, 1, 1], "texture": "#1"},
				"up": {"uv": [0, 0, 1, 1], "texture": "#1"},
				"down": {"uv": [0, 0, 1, 1], "texture": "#1"}
			}
		},
		{
			"from": [6, 11, 7],
			"to": [7, 12, 8],
			"faces": {
				"north": {"uv": [0, 0, 1, 1], "texture": "#1"},
				"east": {"uv": [0, 0, 1, 1], "texture": "#1"},
				"south": {"uv": [0, 0, 1, 1], "texture": "#1"},
				"west": {"uv": [0, 0, 1, 1], "texture": "#1"},
				"up": {"uv": [0, 0, 1, 1], "texture": "#1"},
				"down": {"uv": [0, 0, 1, 1], "texture": "#1"}
			}
		},
		{
			"from": [6, 5, 7],
			"to": [7, 6, 8],
			"faces": {
				"north": {"uv": [1, 3, 2, 4], "texture": "#1"},
				"east": {"uv": [1, 3, 2, 4], "texture": "#1"},
				"south": {"uv": [1, 3, 2, 4], "texture": "#1"},
				"west": {"uv": [1, 3, 2, 4], "texture": "#1"},
				"up": {"uv": [1, 3, 2, 4], "texture": "#1"},
				"down": {"uv": [1, 3, 2, 4], "texture": "#1"}
			}
		},
		{
			"from": [6, 6, 7],
			"to": [7, 7, 8],
			"faces": {
				"north": {"uv": [1, 3, 2, 4], "texture": "#1"},
				"east": {"uv": [1, 3, 2, 4], "texture": "#1"},
				"south": {"uv": [1, 3, 2, 4], "texture": "#1"},
				"west": {"uv": [1, 3, 2, 4], "texture": "#1"},
				"up": {"uv": [1, 3, 2, 4], "texture": "#1"},
				"down": {"uv": [1, 3, 2, 4], "texture": "#1"}
			}
		},
		{
			"from": [6, 7, 7],
			"to": [7, 8, 8],
			"faces": {
				"north": {"uv": [0, 0, 1, 1], "texture": "#1"},
				"east": {"uv": [0, 0, 1, 1], "texture": "#1"},
				"south": {"uv": [0, 0, 1, 1], "texture": "#1"},
				"west": {"uv": [0, 0, 1, 1], "texture": "#1"},
				"up": {"uv": [0, 0, 1, 1], "texture": "#1"},
				"down": {"uv": [0, 0, 1, 1], "texture": "#1"}
			}
		},
		{
			"from": [6, 8, 7],
			"to": [7, 9, 8],
			"faces": {
				"north": {"uv": [2, 2, 3, 3], "texture": "#1"},
				"east": {"uv": [2, 2, 3, 3], "texture": "#1"},
				"south": {"uv": [2, 2, 3, 3], "texture": "#1"},
				"west": {"uv": [2, 2, 3, 3], "texture": "#1"},
				"up": {"uv": [2, 2, 3, 3], "texture": "#1"},
				"down": {"uv": [2, 2, 3, 3], "texture": "#1"}
			}
		},
		{
			"from": [6, 9, 7],
			"to": [7, 10, 8],
			"faces": {
				"north": {"uv": [0, 1, 1, 2], "texture": "#1"},
				"east": {"uv": [0, 1, 1, 2], "texture": "#1"},
				"south": {"uv": [0, 1, 1, 2], "texture": "#1"},
				"west": {"uv": [0, 1, 1, 2], "texture": "#1"},
				"up": {"uv": [0, 1, 1, 2], "texture": "#1"},
				"down": {"uv": [0, 1, 1, 2], "texture": "#1"}
			}
		},
		{
			"from": [6, 10, 7],
			"to": [7, 11, 8],
			"faces": {
				"north": {"uv": [0, 1, 1, 2], "texture": "#1"},
				"east": {"uv": [0, 1, 1, 2], "texture": "#1"},
				"south": {"uv": [0, 1, 1, 2], "texture": "#1"},
				"west": {"uv": [0, 1, 1, 2], "texture": "#1"},
				"up": {"uv": [0, 1, 1, 2], "texture": "#1"},
				"down": {"uv": [0, 1, 1, 2], "texture": "#1"}
			}
		},
		{
			"from": [5, 11, 7],
			"to": [6, 12, 8],
			"faces": {
				"north": {"uv": [0, 0, 1, 1], "texture": "#1"},
				"east": {"uv": [0, 0, 1, 1], "texture": "#1"},
				"south": {"uv": [0, 0, 1, 1], "texture": "#1"},
				"west": {"uv": [0, 0, 1, 1], "texture": "#1"},
				"up": {"uv": [0, 0, 1, 1], "texture": "#1"},
				"down": {"uv": [0, 0, 1, 1], "texture": "#1"}
			}
		},
		{
			"from": [5, 7, 7],
			"to": [6, 8, 8],
			"faces": {
				"north": {"uv": [2, 2, 3, 3], "texture": "#1"},
				"east": {"uv": [2, 2, 3, 3], "texture": "#1"},
				"south": {"uv": [2, 2, 3, 3], "texture": "#1"},
				"west": {"uv": [2, 2, 3, 3], "texture": "#1"},
				"up": {"uv": [2, 2, 3, 3], "texture": "#1"},
				"down": {"uv": [2, 2, 3, 3], "texture": "#1"}
			}
		},
		{
			"from": [5, 8, 7],
			"to": [6, 9, 8],
			"faces": {
				"north": {"uv": [0, 0, 1, 1], "texture": "#1"},
				"east": {"uv": [0, 0, 1, 1], "texture": "#1"},
				"south": {"uv": [0, 0, 1, 1], "texture": "#1"},
				"west": {"uv": [0, 0, 1, 1], "texture": "#1"},
				"up": {"uv": [0, 0, 1, 1], "texture": "#1"},
				"down": {"uv": [0, 0, 1, 1], "texture": "#1"}
			}
		},
		{
			"from": [5, 9, 7],
			"to": [6, 10, 8],
			"faces": {
				"north": {"uv": [2, 2, 3, 3], "texture": "#1"},
				"east": {"uv": [2, 2, 3, 3], "texture": "#1"},
				"south": {"uv": [2, 2, 3, 3], "texture": "#1"},
				"west": {"uv": [2, 2, 3, 3], "texture": "#1"},
				"up": {"uv": [2, 2, 3, 3], "texture": "#1"},
				"down": {"uv": [2, 2, 3, 3], "texture": "#1"}
			}
		},
		{
			"from": [5, 10, 7],
			"to": [6, 11, 8],
			"faces": {
				"north": {"uv": [0, 1, 1, 2], "texture": "#1"},
				"east": {"uv": [0, 1, 1, 2], "texture": "#1"},
				"south": {"uv": [0, 1, 1, 2], "texture": "#1"},
				"west": {"uv": [0, 1, 1, 2], "texture": "#1"},
				"up": {"uv": [0, 1, 1, 2], "texture": "#1"},
				"down": {"uv": [0, 1, 1, 2], "texture": "#1"}
			}
		},
		{
			"from": [4, 12, 7],
			"to": [5, 13, 8],
			"faces": {
				"north": {"uv": [0, 0, 1, 1], "texture": "#1"},
				"east": {"uv": [0, 0, 1, 1], "texture": "#1"},
				"south": {"uv": [0, 0, 1, 1], "texture": "#1"},
				"west": {"uv": [0, 0, 1, 1], "texture": "#1"},
				"up": {"uv": [0, 0, 1, 1], "texture": "#1"},
				"down": {"uv": [0, 0, 1, 1], "texture": "#1"}
			}
		},
		{
			"from": [4, 11, 7],
			"to": [5, 12, 8],
			"faces": {
				"north": {"uv": [0, 1, 1, 2], "texture": "#1"},
				"east": {"uv": [0, 1, 1, 2], "texture": "#1"},
				"south": {"uv": [0, 1, 1, 2], "texture": "#1"},
				"west": {"uv": [0, 1, 1, 2], "texture": "#1"},
				"up": {"uv": [0, 1, 1, 2], "texture": "#1"},
				"down": {"uv": [0, 1, 1, 2], "texture": "#1"}
			}
		},
		{
			"from": [4, 10, 7],
			"to": [5, 11, 8],
			"faces": {
				"north": {"uv": [2, 2, 3, 3], "texture": "#1"},
				"east": {"uv": [2, 2, 3, 3], "texture": "#1"},
				"south": {"uv": [2, 2, 3, 3], "texture": "#1"},
				"west": {"uv": [2, 2, 3, 3], "texture": "#1"},
				"up": {"uv": [2, 2, 3, 3], "texture": "#1"},
				"down": {"uv": [2, 2, 3, 3], "texture": "#1"}
			}
		},
		{
			"from": [8, 10, 7],
			"to": [9, 11, 8],
			"faces": {
				"north": {"uv": [0, 0, 1, 1], "texture": "#1"},
				"east": {"uv": [0, 0, 1, 1], "texture": "#1"},
				"south": {"uv": [0, 0, 1, 1], "texture": "#1"},
				"west": {"uv": [0, 0, 1, 1], "texture": "#1"},
				"up": {"uv": [0, 0, 1, 1], "texture": "#1"},
				"down": {"uv": [0, 0, 1, 1], "texture": "#1"}
			}
		},
		{
			"from": [9, 9, 7],
			"to": [10, 10, 8],
			"faces": {
				"north": {"uv": [1, 3, 2, 4], "texture": "#1"},
				"east": {"uv": [1, 3, 2, 4], "texture": "#1"},
				"south": {"uv": [1, 3, 2, 4], "texture": "#1"},
				"west": {"uv": [1, 3, 2, 4], "texture": "#1"},
				"up": {"uv": [1, 3, 2, 4], "texture": "#1"},
				"down": {"uv": [1, 3, 2, 4], "texture": "#1"}
			}
		},
		{
			"from": [10, 9, 7],
			"to": [11, 10, 8],
			"faces": {
				"north": {"uv": [0, 0, 1, 1], "texture": "#1"},
				"east": {"uv": [0, 0, 1, 1], "texture": "#1"},
				"south": {"uv": [0, 0, 1, 1], "texture": "#1"},
				"west": {"uv": [0, 0, 1, 1], "texture": "#1"},
				"up": {"uv": [0, 0, 1, 1], "texture": "#1"},
				"down": {"uv": [0, 0, 1, 1], "texture": "#1"}
			}
		},
		{
			"from": [11, 8, 7],
			"to": [12, 9, 8],
			"faces": {
				"north": {"uv": [0, 0, 1, 1], "texture": "#1"},
				"east": {"uv": [0, 0, 1, 1], "texture": "#1"},
				"south": {"uv": [0, 0, 1, 1], "texture": "#1"},
				"west": {"uv": [0, 0, 1, 1], "texture": "#1"},
				"up": {"uv": [0, 0, 1, 1], "texture": "#1"},
				"down": {"uv": [0, 0, 1, 1], "texture": "#1"}
			}
		},
		{
			"from": [9, 2, 7],
			"to": [10, 3, 8],
			"faces": {
				"north": {"uv": [1, 3, 2, 4], "texture": "#1"},
				"east": {"uv": [1, 3, 2, 4], "texture": "#1"},
				"south": {"uv": [1, 3, 2, 4], "texture": "#1"},
				"west": {"uv": [1, 3, 2, 4], "texture": "#1"},
				"up": {"uv": [1, 3, 2, 4], "texture": "#1"},
				"down": {"uv": [1, 3, 2, 4], "texture": "#1"}
			}
		},
		{
			"from": [3, 10, 7],
			"to": [4, 11, 8],
			"faces": {
				"north": {"uv": [3, 0, 4, 1], "texture": "#1"},
				"east": {"uv": [3, 0, 4, 1], "texture": "#1"},
				"south": {"uv": [3, 0, 4, 1], "texture": "#1"},
				"west": {"uv": [3, 0, 4, 1], "texture": "#1"},
				"up": {"uv": [3, 0, 4, 1], "texture": "#1"},
				"down": {"uv": [3, 0, 4, 1], "texture": "#1"}
			}
		},
		{
			"from": [14, 8, 7],
			"to": [15, 9, 8],
			"faces": {
				"north": {"uv": [3, 0, 4, 1], "texture": "#1"},
				"east": {"uv": [3, 0, 4, 1], "texture": "#1"},
				"south": {"uv": [3, 0, 4, 1], "texture": "#1"},
				"west": {"uv": [3, 0, 4, 1], "texture": "#1"},
				"up": {"uv": [3, 0, 4, 1], "texture": "#1"},
				"down": {"uv": [3, 0, 4, 1], "texture": "#1"}
			}
		}
	],
	"gui_light": "front",
	"display": {
		"thirdperson_righthand": {
			"rotation": [161.76, 47.57, 175.92],
			"scale": [0.3, 0.3, 0.3]
		},
		"thirdperson_lefthand": {
			"rotation": [161.76, 47.57, 175.92],
			"scale": [0.3, 0.3, 0.3]
		},
		"firstperson_righthand": {
			"rotation": [-136.38, -58.31, -131.04],
			"translation": [2.25, 2.25, 0.75],
			"scale": [0.5, 0.5, 0.5]
		},
		"firstperson_lefthand": {
			"rotation": [-136.38, -58.31, -131.04],
			"translation": [2.75, 2.25, 0.75],
			"scale": [0.5, 0.5, 0.5]
		},
		"ground": {
			"translation": [0, 3.25, 0],
			"scale": [0.3, 0.3, 0.3]
		},
		"gui": {
			"translation": [-0.75, 0.5, 0]
		},
		"head": {
			"translation": [0, 11.25, 0]
		}
	}
}