{
	"credit": "Made with Blockbench",
	"textures": {
		"1": "custom_blocks/chiseled_sandstone_sword",
		"2": "custom_blocks/chiseled_red_sandstone_sword",
		"3": "custom_blocks/raw_gold_block_sword",
		"particle": "custom_blocks/chiseled_sandstone_sword"
	},
	"elements": [
		{
			"from": [0, 0, 7.5],
			"to": [1, 1, 8.5],
			"faces": {
				"north": {"uv": [14, 12, 15, 13], "texture": "#2"},
				"east": {"uv": [14, 12, 15, 13], "texture": "#2"},
				"south": {"uv": [14, 12, 15, 13], "texture": "#2"},
				"west": {"uv": [14, 12, 15, 13], "texture": "#2"},
				"up": {"uv": [14, 12, 15, 13], "texture": "#2"},
				"down": {"uv": [14, 12, 15, 13], "texture": "#2"}
			}
		},
		{
			"from": [0, 1, 7.5],
			"to": [1, 2, 8.5],
			"faces": {
				"north": {"uv": [0, 7, 1, 8], "texture": "#2"},
				"east": {"uv": [0, 7, 1, 8], "texture": "#2"},
				"south": {"uv": [0, 7, 1, 8], "texture": "#2"},
				"west": {"uv": [0, 7, 1, 8], "texture": "#2"},
				"up": {"uv": [0, 7, 1, 8], "texture": "#2"},
				"down": {"uv": [0, 7, 1, 8], "texture": "#2"}
			}
		},
		{
			"from": [0, 2, 7.5],
			"to": [1, 3, 8.5],
			"faces": {
				"north": {"uv": [0, 5, 1, 6], "texture": "#2"},
				"east": {"uv": [0, 5, 1, 6], "texture": "#2"},
				"south": {"uv": [0, 5, 1, 6], "texture": "#2"},
				"west": {"uv": [0, 5, 1, 6], "texture": "#2"},
				"up": {"uv": [0, 5, 1, 6], "texture": "#2"},
				"down": {"uv": [0, 5, 1, 6], "texture": "#2"}
			}
		},
		{
			"from": [1, 2, 7.5],
			"to": [2, 3, 8.5],
			"faces": {
				"north": {"uv": [11, 14, 12, 15], "texture": "#2"},
				"east": {"uv": [11, 14, 12, 15], "texture": "#2"},
				"south": {"uv": [11, 14, 12, 15], "texture": "#2"},
				"west": {"uv": [11, 14, 12, 15], "texture": "#2"},
				"up": {"uv": [11, 14, 12, 15], "texture": "#2"},
				"down": {"uv": [11, 14, 12, 15], "texture": "#2"}
			}
		},
		{
			"from": [1, 1, 7.5],
			"to": [2, 2, 8.5],
			"faces": {
				"north": {"uv": [1, 2, 2, 3], "texture": "#3"},
				"east": {"uv": [1, 2, 2, 3], "texture": "#3"},
				"south": {"uv": [1, 2, 2, 3], "texture": "#3"},
				"west": {"uv": [1, 2, 2, 3], "texture": "#3"},
				"up": {"uv": [1, 2, 2, 3], "texture": "#3"},
				"down": {"uv": [1, 2, 2, 3], "texture": "#3"}
			}
		},
		{
			"from": [2, 2, 7.5],
			"to": [3, 3, 8.5],
			"faces": {
				"north": {"uv": [1, 13, 2, 14], "texture": "#2"},
				"east": {"uv": [1, 13, 2, 14], "texture": "#2"},
				"south": {"uv": [1, 13, 2, 14], "texture": "#2"},
				"west": {"uv": [1, 13, 2, 14], "texture": "#2"},
				"up": {"uv": [1, 13, 2, 14], "texture": "#2"},
				"down": {"uv": [1, 13, 2, 14], "texture": "#2"}
			}
		},
		{
			"from": [2, 3, 7.5],
			"to": [3, 4, 8.5],
			"faces": {
				"north": {"uv": [0, 7, 1, 8], "texture": "#2"},
				"east": {"uv": [0, 7, 1, 8], "texture": "#2"},
				"south": {"uv": [0, 7, 1, 8], "texture": "#2"},
				"west": {"uv": [0, 7, 1, 8], "texture": "#2"},
				"up": {"uv": [0, 7, 1, 8], "texture": "#2"},
				"down": {"uv": [0, 7, 1, 8], "texture": "#2"}
			}
		},
		{
			"from": [3, 3, 7.5],
			"to": [4, 4, 8.5],
			"faces": {
				"north": {"uv": [1, 13, 2, 14], "texture": "#2"},
				"east": {"uv": [1, 13, 2, 14], "texture": "#2"},
				"south": {"uv": [1, 13, 2, 14], "texture": "#2"},
				"west": {"uv": [1, 13, 2, 14], "texture": "#2"},
				"up": {"uv": [1, 13, 2, 14], "texture": "#2"},
				"down": {"uv": [1, 13, 2, 14], "texture": "#2"}
			}
		},
		{
			"from": [3, 4, 7.5],
			"to": [4, 5, 8.5],
			"faces": {
				"north": {"uv": [0, 5, 1, 6], "texture": "#2"},
				"east": {"uv": [0, 5, 1, 6], "texture": "#2"},
				"south": {"uv": [0, 5, 1, 6], "texture": "#2"},
				"west": {"uv": [0, 5, 1, 6], "texture": "#2"},
				"up": {"uv": [0, 5, 1, 6], "texture": "#2"},
				"down": {"uv": [0, 5, 1, 6], "texture": "#2"}
			}
		},
		{
			"from": [4, 4, 7.5],
			"to": [5, 5, 8.5],
			"faces": {
				"north": {"uv": [1, 13, 2, 14], "texture": "#2"},
				"east": {"uv": [1, 13, 2, 14], "texture": "#2"},
				"south": {"uv": [1, 13, 2, 14], "texture": "#2"},
				"west": {"uv": [1, 13, 2, 14], "texture": "#2"},
				"up": {"uv": [1, 13, 2, 14], "texture": "#2"},
				"down": {"uv": [1, 13, 2, 14], "texture": "#2"}
			}
		},
		{
			"from": [5, 4, 7.5],
			"to": [6, 5, 8.5],
			"faces": {
				"north": {"uv": [6, 6, 7, 7], "texture": "#2"},
				"east": {"uv": [6, 6, 7, 7], "texture": "#2"},
				"south": {"uv": [6, 6, 7, 7], "texture": "#2"},
				"west": {"uv": [6, 6, 7, 7], "texture": "#2"},
				"up": {"uv": [6, 6, 7, 7], "texture": "#2"},
				"down": {"uv": [6, 6, 7, 7], "texture": "#2"}
			}
		},
		{
			"from": [6, 4, 7.5],
			"to": [7, 5, 8.5],
			"faces": {
				"north": {"uv": [0, 5, 1, 6], "texture": "#2"},
				"east": {"uv": [0, 5, 1, 6], "texture": "#2"},
				"south": {"uv": [0, 5, 1, 6], "texture": "#2"},
				"west": {"uv": [0, 5, 1, 6], "texture": "#2"},
				"up": {"uv": [0, 5, 1, 6], "texture": "#2"},
				"down": {"uv": [0, 5, 1, 6], "texture": "#2"}
			}
		},
		{
			"from": [7, 4, 7.5],
			"to": [8, 5, 8.5],
			"faces": {
				"north": {"uv": [7, 6, 8, 7], "texture": "#1"},
				"east": {"uv": [7, 6, 8, 7], "texture": "#1"},
				"south": {"uv": [7, 6, 8, 7], "texture": "#1"},
				"west": {"uv": [7, 6, 8, 7], "texture": "#1"},
				"up": {"uv": [7, 6, 8, 7], "texture": "#1"},
				"down": {"uv": [7, 6, 8, 7], "texture": "#1"}
			}
		},
		{
			"from": [6, 3, 7.5],
			"to": [7, 4, 8.5],
			"faces": {
				"north": {"uv": [3, 5, 4, 6], "texture": "#2"},
				"east": {"uv": [3, 5, 4, 6], "texture": "#2"},
				"south": {"uv": [3, 5, 4, 6], "texture": "#2"},
				"west": {"uv": [3, 5, 4, 6], "texture": "#2"},
				"up": {"uv": [3, 5, 4, 6], "texture": "#2"},
				"down": {"uv": [3, 5, 4, 6], "texture": "#2"}
			}
		},
		{
			"from": [7, 3, 7.5],
			"to": [8, 4, 8.5],
			"faces": {
				"north": {"uv": [6, 6, 7, 7], "texture": "#2"},
				"east": {"uv": [6, 6, 7, 7], "texture": "#2"},
				"south": {"uv": [6, 6, 7, 7], "texture": "#2"},
				"west": {"uv": [6, 6, 7, 7], "texture": "#2"},
				"up": {"uv": [6, 6, 7, 7], "texture": "#2"},
				"down": {"uv": [6, 6, 7, 7], "texture": "#2"}
			}
		},
		{
			"from": [9, 2, 7.5],
			"to": [10, 3, 8.5],
			"faces": {
				"north": {"uv": [3, 5, 4, 6], "texture": "#2"},
				"east": {"uv": [3, 5, 4, 6], "texture": "#2"},
				"south": {"uv": [3, 5, 4, 6], "texture": "#2"},
				"west": {"uv": [3, 5, 4, 6], "texture": "#2"},
				"up": {"uv": [3, 5, 4, 6], "texture": "#2"},
				"down": {"uv": [3, 5, 4, 6], "texture": "#2"}
			}
		},
		{
			"from": [11, 3, 7.5],
			"to": [12, 4, 8.5],
			"faces": {
				"north": {"uv": [6, 6, 7, 7], "texture": "#2"},
				"east": {"uv": [6, 6, 7, 7], "texture": "#2"},
				"south": {"uv": [6, 6, 7, 7], "texture": "#2"},
				"west": {"uv": [6, 6, 7, 7], "texture": "#2"},
				"up": {"uv": [6, 6, 7, 7], "texture": "#2"},
				"down": {"uv": [6, 6, 7, 7], "texture": "#2"}
			}
		},
		{
			"from": [10, 3, 7.5],
			"to": [11, 4, 8.5],
			"faces": {
				"north": {"uv": [3, 5, 4, 6], "texture": "#2"},
				"east": {"uv": [3, 5, 4, 6], "texture": "#2"},
				"south": {"uv": [3, 5, 4, 6], "texture": "#2"},
				"west": {"uv": [3, 5, 4, 6], "texture": "#2"},
				"up": {"uv": [3, 5, 4, 6], "texture": "#2"},
				"down": {"uv": [3, 5, 4, 6], "texture": "#2"}
			}
		},
		{
			"from": [9, 3, 7.5],
			"to": [10, 4, 8.5],
			"faces": {
				"north": {"uv": [6, 6, 7, 7], "texture": "#2"},
				"east": {"uv": [6, 6, 7, 7], "texture": "#2"},
				"south": {"uv": [6, 6, 7, 7], "texture": "#2"},
				"west": {"uv": [6, 6, 7, 7], "texture": "#2"},
				"up": {"uv": [6, 6, 7, 7], "texture": "#2"},
				"down": {"uv": [6, 6, 7, 7], "texture": "#2"}
			}
		},
		{
			"from": [11, 4, 7.5],
			"to": [12, 5, 8.5],
			"faces": {
				"north": {"uv": [3, 5, 4, 6], "texture": "#2"},
				"east": {"uv": [3, 5, 4, 6], "texture": "#2"},
				"south": {"uv": [3, 5, 4, 6], "texture": "#2"},
				"west": {"uv": [3, 5, 4, 6], "texture": "#2"},
				"up": {"uv": [3, 5, 4, 6], "texture": "#2"},
				"down": {"uv": [3, 5, 4, 6], "texture": "#2"}
			}
		},
		{
			"from": [11, 5, 7.5],
			"to": [12, 6, 8.5],
			"faces": {
				"north": {"uv": [3, 5, 4, 6], "texture": "#2"},
				"east": {"uv": [3, 5, 4, 6], "texture": "#2"},
				"south": {"uv": [3, 5, 4, 6], "texture": "#2"},
				"west": {"uv": [3, 5, 4, 6], "texture": "#2"},
				"up": {"uv": [3, 5, 4, 6], "texture": "#2"},
				"down": {"uv": [3, 5, 4, 6], "texture": "#2"}
			}
		},
		{
			"from": [12, 6, 7.5],
			"to": [13, 7, 8.5],
			"faces": {
				"north": {"uv": [3, 5, 4, 6], "texture": "#2"},
				"east": {"uv": [3, 5, 4, 6], "texture": "#2"},
				"south": {"uv": [3, 5, 4, 6], "texture": "#2"},
				"west": {"uv": [3, 5, 4, 6], "texture": "#2"},
				"up": {"uv": [3, 5, 4, 6], "texture": "#2"},
				"down": {"uv": [3, 5, 4, 6], "texture": "#2"}
			}
		},
		{
			"from": [12, 7, 7.5],
			"to": [13, 8, 8.5],
			"faces": {
				"north": {"uv": [3, 5, 4, 6], "texture": "#2"},
				"east": {"uv": [3, 5, 4, 6], "texture": "#2"},
				"south": {"uv": [3, 5, 4, 6], "texture": "#2"},
				"west": {"uv": [3, 5, 4, 6], "texture": "#2"},
				"up": {"uv": [3, 5, 4, 6], "texture": "#2"},
				"down": {"uv": [3, 5, 4, 6], "texture": "#2"}
			}
		},
		{
			"from": [13, 8, 7.5],
			"to": [14, 9, 8.5],
			"faces": {
				"north": {"uv": [3, 5, 4, 6], "texture": "#2"},
				"east": {"uv": [3, 5, 4, 6], "texture": "#2"},
				"south": {"uv": [3, 5, 4, 6], "texture": "#2"},
				"west": {"uv": [3, 5, 4, 6], "texture": "#2"},
				"up": {"uv": [3, 5, 4, 6], "texture": "#2"},
				"down": {"uv": [3, 5, 4, 6], "texture": "#2"}
			}
		},
		{
			"from": [14, 9, 7.5],
			"to": [15, 10, 8.5],
			"faces": {
				"north": {"uv": [3, 5, 4, 6], "texture": "#2"},
				"east": {"uv": [3, 5, 4, 6], "texture": "#2"},
				"south": {"uv": [3, 5, 4, 6], "texture": "#2"},
				"west": {"uv": [3, 5, 4, 6], "texture": "#2"},
				"up": {"uv": [3, 5, 4, 6], "texture": "#2"},
				"down": {"uv": [3, 5, 4, 6], "texture": "#2"}
			}
		},
		{
			"from": [15, 10, 7.5],
			"to": [16, 11, 8.5],
			"faces": {
				"north": {"uv": [3, 5, 4, 6], "texture": "#2"},
				"east": {"uv": [3, 5, 4, 6], "texture": "#2"},
				"south": {"uv": [3, 5, 4, 6], "texture": "#2"},
				"west": {"uv": [3, 5, 4, 6], "texture": "#2"},
				"up": {"uv": [3, 5, 4, 6], "texture": "#2"},
				"down": {"uv": [3, 5, 4, 6], "texture": "#2"}
			}
		},
		{
			"from": [16, 11, 7.5],
			"to": [17, 12, 8.5],
			"faces": {
				"north": {"uv": [3, 5, 4, 6], "texture": "#2"},
				"east": {"uv": [3, 5, 4, 6], "texture": "#2"},
				"south": {"uv": [3, 5, 4, 6], "texture": "#2"},
				"west": {"uv": [3, 5, 4, 6], "texture": "#2"},
				"up": {"uv": [3, 5, 4, 6], "texture": "#2"},
				"down": {"uv": [3, 5, 4, 6], "texture": "#2"}
			}
		},
		{
			"from": [17, 12, 7.5],
			"to": [18, 13, 8.5],
			"faces": {
				"north": {"uv": [3, 5, 4, 6], "texture": "#2"},
				"east": {"uv": [3, 5, 4, 6], "texture": "#2"},
				"south": {"uv": [3, 5, 4, 6], "texture": "#2"},
				"west": {"uv": [3, 5, 4, 6], "texture": "#2"},
				"up": {"uv": [3, 5, 4, 6], "texture": "#2"},
				"down": {"uv": [3, 5, 4, 6], "texture": "#2"}
			}
		},
		{
			"from": [18, 13, 7.5],
			"to": [19, 14, 8.5],
			"faces": {
				"north": {"uv": [3, 5, 4, 6], "texture": "#2"},
				"east": {"uv": [3, 5, 4, 6], "texture": "#2"},
				"south": {"uv": [3, 5, 4, 6], "texture": "#2"},
				"west": {"uv": [3, 5, 4, 6], "texture": "#2"},
				"up": {"uv": [3, 5, 4, 6], "texture": "#2"},
				"down": {"uv": [3, 5, 4, 6], "texture": "#2"}
			}
		},
		{
			"from": [19, 14, 7.5],
			"to": [20, 15, 8.5],
			"faces": {
				"north": {"uv": [3, 5, 4, 6], "texture": "#2"},
				"east": {"uv": [3, 5, 4, 6], "texture": "#2"},
				"south": {"uv": [3, 5, 4, 6], "texture": "#2"},
				"west": {"uv": [3, 5, 4, 6], "texture": "#2"},
				"up": {"uv": [3, 5, 4, 6], "texture": "#2"},
				"down": {"uv": [3, 5, 4, 6], "texture": "#2"}
			}
		},
		{
			"from": [19, 15, 7.5],
			"to": [20, 16, 8.5],
			"faces": {
				"north": {"uv": [3, 5, 4, 6], "texture": "#2"},
				"east": {"uv": [3, 5, 4, 6], "texture": "#2"},
				"south": {"uv": [3, 5, 4, 6], "texture": "#2"},
				"west": {"uv": [3, 5, 4, 6], "texture": "#2"},
				"up": {"uv": [3, 5, 4, 6], "texture": "#2"},
				"down": {"uv": [3, 5, 4, 6], "texture": "#2"}
			}
		},
		{
			"from": [19, 16, 7.5],
			"to": [20, 17, 8.5],
			"faces": {
				"north": {"uv": [3, 5, 4, 6], "texture": "#2"},
				"east": {"uv": [3, 5, 4, 6], "texture": "#2"},
				"south": {"uv": [3, 5, 4, 6], "texture": "#2"},
				"west": {"uv": [3, 5, 4, 6], "texture": "#2"},
				"up": {"uv": [3, 5, 4, 6], "texture": "#2"},
				"down": {"uv": [3, 5, 4, 6], "texture": "#2"}
			}
		},
		{
			"from": [10, 5, 7.5],
			"to": [11, 6, 8.5],
			"faces": {
				"north": {"uv": [3, 5, 4, 6], "texture": "#2"},
				"east": {"uv": [3, 5, 4, 6], "texture": "#2"},
				"south": {"uv": [3, 5, 4, 6], "texture": "#2"},
				"west": {"uv": [3, 5, 4, 6], "texture": "#2"},
				"up": {"uv": [3, 5, 4, 6], "texture": "#2"},
				"down": {"uv": [3, 5, 4, 6], "texture": "#2"}
			}
		},
		{
			"from": [10, 4, 7.5],
			"to": [11, 5, 8.5],
			"faces": {
				"north": {"uv": [1, 2, 2, 3], "texture": "#3"},
				"east": {"uv": [1, 2, 2, 3], "texture": "#3"},
				"south": {"uv": [1, 2, 2, 3], "texture": "#3"},
				"west": {"uv": [1, 2, 2, 3], "texture": "#3"},
				"up": {"uv": [1, 2, 2, 3], "texture": "#3"},
				"down": {"uv": [1, 2, 2, 3], "texture": "#3"}
			}
		},
		{
			"from": [9, 4, 7.5],
			"to": [10, 5, 8.5],
			"faces": {
				"north": {"uv": [6, 6, 7, 7], "texture": "#2"},
				"east": {"uv": [6, 6, 7, 7], "texture": "#2"},
				"south": {"uv": [6, 6, 7, 7], "texture": "#2"},
				"west": {"uv": [6, 6, 7, 7], "texture": "#2"},
				"up": {"uv": [6, 6, 7, 7], "texture": "#2"},
				"down": {"uv": [6, 6, 7, 7], "texture": "#2"}
			}
		},
		{
			"from": [11, 6, 7.5],
			"to": [12, 7, 8.5],
			"faces": {
				"north": {"uv": [0, 0, 1, 1], "texture": "#1"},
				"east": {"uv": [0, 0, 1, 1], "texture": "#1"},
				"south": {"uv": [0, 0, 1, 1], "texture": "#1"},
				"west": {"uv": [0, 0, 1, 1], "texture": "#1"},
				"up": {"uv": [0, 0, 1, 1], "texture": "#1"},
				"down": {"uv": [0, 0, 1, 1], "texture": "#1"}
			}
		},
		{
			"from": [11, 2, 7.5],
			"to": [12, 3, 8.5],
			"faces": {
				"north": {"uv": [3, 5, 4, 6], "texture": "#2"},
				"east": {"uv": [3, 5, 4, 6], "texture": "#2"},
				"south": {"uv": [3, 5, 4, 6], "texture": "#2"},
				"west": {"uv": [3, 5, 4, 6], "texture": "#2"},
				"up": {"uv": [3, 5, 4, 6], "texture": "#2"},
				"down": {"uv": [3, 5, 4, 6], "texture": "#2"}
			}
		},
		{
			"from": [8, 4, 7.5],
			"to": [9, 5, 8.5],
			"faces": {
				"north": {"uv": [11, 14, 12, 15], "texture": "#2"},
				"east": {"uv": [11, 14, 12, 15], "texture": "#2"},
				"south": {"uv": [11, 14, 12, 15], "texture": "#2"},
				"west": {"uv": [11, 14, 12, 15], "texture": "#2"},
				"up": {"uv": [11, 14, 12, 15], "texture": "#2"},
				"down": {"uv": [11, 14, 12, 15], "texture": "#2"}
			}
		},
		{
			"from": [7, 5, 7.5],
			"to": [8, 6, 8.5],
			"faces": {
				"north": {"uv": [0, 5, 1, 6], "texture": "#2"},
				"east": {"uv": [0, 5, 1, 6], "texture": "#2"},
				"south": {"uv": [0, 5, 1, 6], "texture": "#2"},
				"west": {"uv": [0, 5, 1, 6], "texture": "#2"},
				"up": {"uv": [0, 5, 1, 6], "texture": "#2"},
				"down": {"uv": [0, 5, 1, 6], "texture": "#2"}
			}
		},
		{
			"from": [6, 6, 7.5],
			"to": [7, 7, 8.5],
			"faces": {
				"north": {"uv": [1, 2, 2, 3], "texture": "#3"},
				"east": {"uv": [1, 2, 2, 3], "texture": "#3"},
				"south": {"uv": [1, 2, 2, 3], "texture": "#3"},
				"west": {"uv": [1, 2, 2, 3], "texture": "#3"},
				"up": {"uv": [1, 2, 2, 3], "texture": "#3"},
				"down": {"uv": [1, 2, 2, 3], "texture": "#3"}
			}
		},
		{
			"from": [6, 5, 7.5],
			"to": [7, 6, 8.5],
			"faces": {
				"north": {"uv": [1, 2, 2, 3], "texture": "#3"},
				"east": {"uv": [1, 2, 2, 3], "texture": "#3"},
				"south": {"uv": [1, 2, 2, 3], "texture": "#3"},
				"west": {"uv": [1, 2, 2, 3], "texture": "#3"},
				"up": {"uv": [1, 2, 2, 3], "texture": "#3"},
				"down": {"uv": [1, 2, 2, 3], "texture": "#3"}
			}
		},
		{
			"from": [5, 8, 7.5],
			"to": [6, 9, 8.5],
			"faces": {
				"north": {"uv": [4, 7, 5, 8], "texture": "#1"},
				"east": {"uv": [4, 7, 5, 8], "texture": "#1"},
				"south": {"uv": [4, 7, 5, 8], "texture": "#1"},
				"west": {"uv": [4, 7, 5, 8], "texture": "#1"},
				"up": {"uv": [4, 7, 5, 8], "texture": "#1"},
				"down": {"uv": [4, 7, 5, 8], "texture": "#1"}
			}
		},
		{
			"from": [6, 8, 7.5],
			"to": [7, 9, 8.5],
			"faces": {
				"north": {"uv": [0, 5, 1, 6], "texture": "#2"},
				"east": {"uv": [0, 5, 1, 6], "texture": "#2"},
				"south": {"uv": [0, 5, 1, 6], "texture": "#2"},
				"west": {"uv": [0, 5, 1, 6], "texture": "#2"},
				"up": {"uv": [0, 5, 1, 6], "texture": "#2"},
				"down": {"uv": [0, 5, 1, 6], "texture": "#2"}
			}
		},
		{
			"from": [6, 7, 7.5],
			"to": [7, 8, 8.5],
			"faces": {
				"north": {"uv": [0, 5, 1, 6], "texture": "#2"},
				"east": {"uv": [0, 5, 1, 6], "texture": "#2"},
				"south": {"uv": [0, 5, 1, 6], "texture": "#2"},
				"west": {"uv": [0, 5, 1, 6], "texture": "#2"},
				"up": {"uv": [0, 5, 1, 6], "texture": "#2"},
				"down": {"uv": [0, 5, 1, 6], "texture": "#2"}
			}
		},
		{
			"from": [8, 6, 7.5],
			"to": [9, 7, 8.5],
			"faces": {
				"north": {"uv": [0, 5, 1, 6], "texture": "#2"},
				"east": {"uv": [0, 5, 1, 6], "texture": "#2"},
				"south": {"uv": [0, 5, 1, 6], "texture": "#2"},
				"west": {"uv": [0, 5, 1, 6], "texture": "#2"},
				"up": {"uv": [0, 5, 1, 6], "texture": "#2"},
				"down": {"uv": [0, 5, 1, 6], "texture": "#2"}
			}
		},
		{
			"from": [7, 6, 7.5],
			"to": [8, 7, 8.5],
			"faces": {
				"north": {"uv": [0, 5, 1, 6], "texture": "#2"},
				"east": {"uv": [0, 5, 1, 6], "texture": "#2"},
				"south": {"uv": [0, 5, 1, 6], "texture": "#2"},
				"west": {"uv": [0, 5, 1, 6], "texture": "#2"},
				"up": {"uv": [0, 5, 1, 6], "texture": "#2"},
				"down": {"uv": [0, 5, 1, 6], "texture": "#2"}
			}
		},
		{
			"from": [7, 7, 7.5],
			"to": [8, 8, 8.5],
			"faces": {
				"north": {"uv": [0, 5, 1, 6], "texture": "#2"},
				"east": {"uv": [0, 5, 1, 6], "texture": "#2"},
				"south": {"uv": [0, 5, 1, 6], "texture": "#2"},
				"west": {"uv": [0, 5, 1, 6], "texture": "#2"},
				"up": {"uv": [0, 5, 1, 6], "texture": "#2"},
				"down": {"uv": [0, 5, 1, 6], "texture": "#2"}
			}
		},
		{
			"from": [9, 6, 7.5],
			"to": [10, 7, 8.5],
			"faces": {
				"north": {"uv": [8, 9, 9, 10], "texture": "#1"},
				"east": {"uv": [8, 9, 9, 10], "texture": "#1"},
				"south": {"uv": [8, 9, 9, 10], "texture": "#1"},
				"west": {"uv": [8, 9, 9, 10], "texture": "#1"},
				"up": {"uv": [8, 9, 9, 10], "texture": "#1"},
				"down": {"uv": [8, 9, 9, 10], "texture": "#1"}
			}
		},
		{
			"from": [9, 7, 7.5],
			"to": [10, 8, 8.5],
			"faces": {
				"north": {"uv": [0, 5, 1, 6], "texture": "#2"},
				"east": {"uv": [0, 5, 1, 6], "texture": "#2"},
				"south": {"uv": [0, 5, 1, 6], "texture": "#2"},
				"west": {"uv": [0, 5, 1, 6], "texture": "#2"},
				"up": {"uv": [0, 5, 1, 6], "texture": "#2"},
				"down": {"uv": [0, 5, 1, 6], "texture": "#2"}
			}
		},
		{
			"from": [7, 9, 7.5],
			"to": [8, 10, 8.5],
			"faces": {
				"north": {"uv": [0, 5, 1, 6], "texture": "#2"},
				"east": {"uv": [0, 5, 1, 6], "texture": "#2"},
				"south": {"uv": [0, 5, 1, 6], "texture": "#2"},
				"west": {"uv": [0, 5, 1, 6], "texture": "#2"},
				"up": {"uv": [0, 5, 1, 6], "texture": "#2"},
				"down": {"uv": [0, 5, 1, 6], "texture": "#2"}
			}
		},
		{
			"from": [7, 10, 7.5],
			"to": [8, 11, 8.5],
			"faces": {
				"north": {"uv": [4, 7, 5, 8], "texture": "#1"},
				"east": {"uv": [4, 7, 5, 8], "texture": "#1"},
				"south": {"uv": [4, 7, 5, 8], "texture": "#1"},
				"west": {"uv": [4, 7, 5, 8], "texture": "#1"},
				"up": {"uv": [4, 7, 5, 8], "texture": "#1"},
				"down": {"uv": [4, 7, 5, 8], "texture": "#1"}
			}
		},
		{
			"from": [8, 10, 7.5],
			"to": [9, 11, 8.5],
			"faces": {
				"north": {"uv": [1, 13, 2, 14], "texture": "#2"},
				"east": {"uv": [1, 13, 2, 14], "texture": "#2"},
				"south": {"uv": [1, 13, 2, 14], "texture": "#2"},
				"west": {"uv": [1, 13, 2, 14], "texture": "#2"},
				"up": {"uv": [1, 13, 2, 14], "texture": "#2"},
				"down": {"uv": [1, 13, 2, 14], "texture": "#2"}
			}
		},
		{
			"from": [10, 8, 7.5],
			"to": [11, 9, 8.5],
			"faces": {
				"north": {"uv": [0, 5, 1, 6], "texture": "#2"},
				"east": {"uv": [0, 5, 1, 6], "texture": "#2"},
				"south": {"uv": [0, 5, 1, 6], "texture": "#2"},
				"west": {"uv": [0, 5, 1, 6], "texture": "#2"},
				"up": {"uv": [0, 5, 1, 6], "texture": "#2"},
				"down": {"uv": [0, 5, 1, 6], "texture": "#2"}
			}
		},
		{
			"from": [10, 7, 7.5],
			"to": [11, 8, 8.5],
			"faces": {
				"north": {"uv": [7, 6, 8, 7], "texture": "#1"},
				"east": {"uv": [7, 6, 8, 7], "texture": "#1"},
				"south": {"uv": [7, 6, 8, 7], "texture": "#1"},
				"west": {"uv": [7, 6, 8, 7], "texture": "#1"},
				"up": {"uv": [7, 6, 8, 7], "texture": "#1"},
				"down": {"uv": [7, 6, 8, 7], "texture": "#1"}
			}
		},
		{
			"from": [11, 8, 7.5],
			"to": [12, 9, 8.5],
			"faces": {
				"north": {"uv": [8, 9, 9, 10], "texture": "#1"},
				"east": {"uv": [8, 9, 9, 10], "texture": "#1"},
				"south": {"uv": [8, 9, 9, 10], "texture": "#1"},
				"west": {"uv": [8, 9, 9, 10], "texture": "#1"},
				"up": {"uv": [8, 9, 9, 10], "texture": "#1"},
				"down": {"uv": [8, 9, 9, 10], "texture": "#1"}
			}
		},
		{
			"from": [11, 9, 7.5],
			"to": [12, 10, 8.5],
			"faces": {
				"north": {"uv": [0, 5, 1, 6], "texture": "#2"},
				"east": {"uv": [0, 5, 1, 6], "texture": "#2"},
				"south": {"uv": [0, 5, 1, 6], "texture": "#2"},
				"west": {"uv": [0, 5, 1, 6], "texture": "#2"},
				"up": {"uv": [0, 5, 1, 6], "texture": "#2"},
				"down": {"uv": [0, 5, 1, 6], "texture": "#2"}
			}
		},
		{
			"from": [12, 9, 7.5],
			"to": [13, 10, 8.5],
			"faces": {
				"north": {"uv": [7, 6, 8, 7], "texture": "#1"},
				"east": {"uv": [7, 6, 8, 7], "texture": "#1"},
				"south": {"uv": [7, 6, 8, 7], "texture": "#1"},
				"west": {"uv": [7, 6, 8, 7], "texture": "#1"},
				"up": {"uv": [7, 6, 8, 7], "texture": "#1"},
				"down": {"uv": [7, 6, 8, 7], "texture": "#1"}
			}
		},
		{
			"from": [12, 10, 7.5],
			"to": [13, 11, 8.5],
			"faces": {
				"north": {"uv": [0, 5, 1, 6], "texture": "#2"},
				"east": {"uv": [0, 5, 1, 6], "texture": "#2"},
				"south": {"uv": [0, 5, 1, 6], "texture": "#2"},
				"west": {"uv": [0, 5, 1, 6], "texture": "#2"},
				"up": {"uv": [0, 5, 1, 6], "texture": "#2"},
				"down": {"uv": [0, 5, 1, 6], "texture": "#2"}
			}
		},
		{
			"from": [13, 10, 7.5],
			"to": [14, 11, 8.5],
			"faces": {
				"north": {"uv": [8, 9, 9, 10], "texture": "#1"},
				"east": {"uv": [8, 9, 9, 10], "texture": "#1"},
				"south": {"uv": [8, 9, 9, 10], "texture": "#1"},
				"west": {"uv": [8, 9, 9, 10], "texture": "#1"},
				"up": {"uv": [8, 9, 9, 10], "texture": "#1"},
				"down": {"uv": [8, 9, 9, 10], "texture": "#1"}
			}
		},
		{
			"from": [13, 11, 7.5],
			"to": [14, 12, 8.5],
			"faces": {
				"north": {"uv": [0, 5, 1, 6], "texture": "#2"},
				"east": {"uv": [0, 5, 1, 6], "texture": "#2"},
				"south": {"uv": [0, 5, 1, 6], "texture": "#2"},
				"west": {"uv": [0, 5, 1, 6], "texture": "#2"},
				"up": {"uv": [0, 5, 1, 6], "texture": "#2"},
				"down": {"uv": [0, 5, 1, 6], "texture": "#2"}
			}
		},
		{
			"from": [14, 11, 7.5],
			"to": [15, 12, 8.5],
			"faces": {
				"north": {"uv": [7, 6, 8, 7], "texture": "#1"},
				"east": {"uv": [7, 6, 8, 7], "texture": "#1"},
				"south": {"uv": [7, 6, 8, 7], "texture": "#1"},
				"west": {"uv": [7, 6, 8, 7], "texture": "#1"},
				"up": {"uv": [7, 6, 8, 7], "texture": "#1"},
				"down": {"uv": [7, 6, 8, 7], "texture": "#1"}
			}
		},
		{
			"from": [15, 12, 7.5],
			"to": [16, 13, 8.5],
			"faces": {
				"north": {"uv": [7, 6, 8, 7], "texture": "#1"},
				"east": {"uv": [7, 6, 8, 7], "texture": "#1"},
				"south": {"uv": [7, 6, 8, 7], "texture": "#1"},
				"west": {"uv": [7, 6, 8, 7], "texture": "#1"},
				"up": {"uv": [7, 6, 8, 7], "texture": "#1"},
				"down": {"uv": [7, 6, 8, 7], "texture": "#1"}
			}
		},
		{
			"from": [16, 13, 7.5],
			"to": [17, 14, 8.5],
			"faces": {
				"north": {"uv": [7, 6, 8, 7], "texture": "#1"},
				"east": {"uv": [7, 6, 8, 7], "texture": "#1"},
				"south": {"uv": [7, 6, 8, 7], "texture": "#1"},
				"west": {"uv": [7, 6, 8, 7], "texture": "#1"},
				"up": {"uv": [7, 6, 8, 7], "texture": "#1"},
				"down": {"uv": [7, 6, 8, 7], "texture": "#1"}
			}
		},
		{
			"from": [17, 14, 7.5],
			"to": [18, 15, 8.5],
			"faces": {
				"north": {"uv": [7, 6, 8, 7], "texture": "#1"},
				"east": {"uv": [7, 6, 8, 7], "texture": "#1"},
				"south": {"uv": [7, 6, 8, 7], "texture": "#1"},
				"west": {"uv": [7, 6, 8, 7], "texture": "#1"},
				"up": {"uv": [7, 6, 8, 7], "texture": "#1"},
				"down": {"uv": [7, 6, 8, 7], "texture": "#1"}
			}
		},
		{
			"from": [18, 15, 7.5],
			"to": [19, 16, 8.5],
			"faces": {
				"north": {"uv": [7, 6, 8, 7], "texture": "#1"},
				"east": {"uv": [7, 6, 8, 7], "texture": "#1"},
				"south": {"uv": [7, 6, 8, 7], "texture": "#1"},
				"west": {"uv": [7, 6, 8, 7], "texture": "#1"},
				"up": {"uv": [7, 6, 8, 7], "texture": "#1"},
				"down": {"uv": [7, 6, 8, 7], "texture": "#1"}
			}
		},
		{
			"from": [14, 12, 7.5],
			"to": [15, 13, 8.5],
			"faces": {
				"north": {"uv": [0, 5, 1, 6], "texture": "#2"},
				"east": {"uv": [0, 5, 1, 6], "texture": "#2"},
				"south": {"uv": [0, 5, 1, 6], "texture": "#2"},
				"west": {"uv": [0, 5, 1, 6], "texture": "#2"},
				"up": {"uv": [0, 5, 1, 6], "texture": "#2"},
				"down": {"uv": [0, 5, 1, 6], "texture": "#2"}
			}
		},
		{
			"from": [15, 11, 7.5],
			"to": [16, 12, 8.5],
			"faces": {
				"north": {"uv": [0, 0, 1, 1], "texture": "#1"},
				"east": {"uv": [0, 0, 1, 1], "texture": "#1"},
				"south": {"uv": [0, 0, 1, 1], "texture": "#1"},
				"west": {"uv": [0, 0, 1, 1], "texture": "#1"},
				"up": {"uv": [0, 0, 1, 1], "texture": "#1"},
				"down": {"uv": [0, 0, 1, 1], "texture": "#1"}
			}
		},
		{
			"from": [16, 12, 7.5],
			"to": [17, 13, 8.5],
			"faces": {
				"north": {"uv": [0, 0, 1, 1], "texture": "#1"},
				"east": {"uv": [0, 0, 1, 1], "texture": "#1"},
				"south": {"uv": [0, 0, 1, 1], "texture": "#1"},
				"west": {"uv": [0, 0, 1, 1], "texture": "#1"},
				"up": {"uv": [0, 0, 1, 1], "texture": "#1"},
				"down": {"uv": [0, 0, 1, 1], "texture": "#1"}
			}
		},
		{
			"from": [17, 13, 7.5],
			"to": [18, 14, 8.5],
			"faces": {
				"north": {"uv": [0, 0, 1, 1], "texture": "#1"},
				"east": {"uv": [0, 0, 1, 1], "texture": "#1"},
				"south": {"uv": [0, 0, 1, 1], "texture": "#1"},
				"west": {"uv": [0, 0, 1, 1], "texture": "#1"},
				"up": {"uv": [0, 0, 1, 1], "texture": "#1"},
				"down": {"uv": [0, 0, 1, 1], "texture": "#1"}
			}
		},
		{
			"from": [18, 14, 7.5],
			"to": [19, 15, 8.5],
			"faces": {
				"north": {"uv": [0, 0, 1, 1], "texture": "#1"},
				"east": {"uv": [0, 0, 1, 1], "texture": "#1"},
				"south": {"uv": [0, 0, 1, 1], "texture": "#1"},
				"west": {"uv": [0, 0, 1, 1], "texture": "#1"},
				"up": {"uv": [0, 0, 1, 1], "texture": "#1"},
				"down": {"uv": [0, 0, 1, 1], "texture": "#1"}
			}
		},
		{
			"from": [15, 11, 7.5],
			"to": [16, 12, 8.5],
			"faces": {
				"north": {"uv": [0, 0, 1, 1], "texture": "#1"},
				"east": {"uv": [0, 0, 1, 1], "texture": "#1"},
				"south": {"uv": [0, 0, 1, 1], "texture": "#1"},
				"west": {"uv": [0, 0, 1, 1], "texture": "#1"},
				"up": {"uv": [0, 0, 1, 1], "texture": "#1"},
				"down": {"uv": [0, 0, 1, 1], "texture": "#1"}
			}
		},
		{
			"from": [14, 10, 7.5],
			"to": [15, 11, 8.5],
			"faces": {
				"north": {"uv": [0, 0, 1, 1], "texture": "#1"},
				"east": {"uv": [0, 0, 1, 1], "texture": "#1"},
				"south": {"uv": [0, 0, 1, 1], "texture": "#1"},
				"west": {"uv": [0, 0, 1, 1], "texture": "#1"},
				"up": {"uv": [0, 0, 1, 1], "texture": "#1"},
				"down": {"uv": [0, 0, 1, 1], "texture": "#1"}
			}
		},
		{
			"from": [13, 9, 7.5],
			"to": [14, 10, 8.5],
			"faces": {
				"north": {"uv": [0, 0, 1, 1], "texture": "#1"},
				"east": {"uv": [0, 0, 1, 1], "texture": "#1"},
				"south": {"uv": [0, 0, 1, 1], "texture": "#1"},
				"west": {"uv": [0, 0, 1, 1], "texture": "#1"},
				"up": {"uv": [0, 0, 1, 1], "texture": "#1"},
				"down": {"uv": [0, 0, 1, 1], "texture": "#1"}
			}
		},
		{
			"from": [12, 8, 7.5],
			"to": [13, 9, 8.5],
			"faces": {
				"north": {"uv": [0, 0, 1, 1], "texture": "#1"},
				"east": {"uv": [0, 0, 1, 1], "texture": "#1"},
				"south": {"uv": [0, 0, 1, 1], "texture": "#1"},
				"west": {"uv": [0, 0, 1, 1], "texture": "#1"},
				"up": {"uv": [0, 0, 1, 1], "texture": "#1"},
				"down": {"uv": [0, 0, 1, 1], "texture": "#1"}
			}
		},
		{
			"from": [11, 7, 7.5],
			"to": [12, 8, 8.5],
			"faces": {
				"north": {"uv": [0, 0, 1, 1], "texture": "#1"},
				"east": {"uv": [0, 0, 1, 1], "texture": "#1"},
				"south": {"uv": [0, 0, 1, 1], "texture": "#1"},
				"west": {"uv": [0, 0, 1, 1], "texture": "#1"},
				"up": {"uv": [0, 0, 1, 1], "texture": "#1"},
				"down": {"uv": [0, 0, 1, 1], "texture": "#1"}
			}
		},
		{
			"from": [10, 6, 7.5],
			"to": [11, 7, 8.5],
			"faces": {
				"north": {"uv": [6, 6, 7, 7], "texture": "#2"},
				"east": {"uv": [6, 6, 7, 7], "texture": "#2"},
				"south": {"uv": [6, 6, 7, 7], "texture": "#2"},
				"west": {"uv": [6, 6, 7, 7], "texture": "#2"},
				"up": {"uv": [6, 6, 7, 7], "texture": "#2"},
				"down": {"uv": [6, 6, 7, 7], "texture": "#2"}
			}
		},
		{
			"from": [9, 5, 7.5],
			"to": [10, 6, 8.5],
			"faces": {
				"north": {"uv": [14, 12, 15, 13], "texture": "#2"},
				"east": {"uv": [14, 12, 15, 13], "texture": "#2"},
				"south": {"uv": [14, 12, 15, 13], "texture": "#2"},
				"west": {"uv": [14, 12, 15, 13], "texture": "#2"},
				"up": {"uv": [14, 12, 15, 13], "texture": "#2"},
				"down": {"uv": [14, 12, 15, 13], "texture": "#2"}
			}
		},
		{
			"from": [15, 13, 7.5],
			"to": [16, 14, 8.5],
			"faces": {
				"north": {"uv": [0, 5, 1, 6], "texture": "#2"},
				"east": {"uv": [0, 5, 1, 6], "texture": "#2"},
				"south": {"uv": [0, 5, 1, 6], "texture": "#2"},
				"west": {"uv": [0, 5, 1, 6], "texture": "#2"},
				"up": {"uv": [0, 5, 1, 6], "texture": "#2"},
				"down": {"uv": [0, 5, 1, 6], "texture": "#2"}
			}
		},
		{
			"from": [16, 14, 7.5],
			"to": [17, 15, 8.5],
			"faces": {
				"north": {"uv": [0, 5, 1, 6], "texture": "#2"},
				"east": {"uv": [0, 5, 1, 6], "texture": "#2"},
				"south": {"uv": [0, 5, 1, 6], "texture": "#2"},
				"west": {"uv": [0, 5, 1, 6], "texture": "#2"},
				"up": {"uv": [0, 5, 1, 6], "texture": "#2"},
				"down": {"uv": [0, 5, 1, 6], "texture": "#2"}
			}
		},
		{
			"from": [17, 15, 7.5],
			"to": [18, 16, 8.5],
			"faces": {
				"north": {"uv": [0, 5, 1, 6], "texture": "#2"},
				"east": {"uv": [0, 5, 1, 6], "texture": "#2"},
				"south": {"uv": [0, 5, 1, 6], "texture": "#2"},
				"west": {"uv": [0, 5, 1, 6], "texture": "#2"},
				"up": {"uv": [0, 5, 1, 6], "texture": "#2"},
				"down": {"uv": [0, 5, 1, 6], "texture": "#2"}
			}
		},
		{
			"from": [18, 16, 7.5],
			"to": [19, 17, 8.5],
			"faces": {
				"north": {"uv": [0, 5, 1, 6], "texture": "#2"},
				"east": {"uv": [0, 5, 1, 6], "texture": "#2"},
				"south": {"uv": [0, 5, 1, 6], "texture": "#2"},
				"west": {"uv": [0, 5, 1, 6], "texture": "#2"},
				"up": {"uv": [0, 5, 1, 6], "texture": "#2"},
				"down": {"uv": [0, 5, 1, 6], "texture": "#2"}
			}
		},
		{
			"from": [12, 15, 7.5],
			"to": [13, 16, 8.5],
			"faces": {
				"north": {"uv": [4, 7, 5, 8], "texture": "#1"},
				"east": {"uv": [4, 7, 5, 8], "texture": "#1"},
				"south": {"uv": [4, 7, 5, 8], "texture": "#1"},
				"west": {"uv": [4, 7, 5, 8], "texture": "#1"},
				"up": {"uv": [4, 7, 5, 8], "texture": "#1"},
				"down": {"uv": [4, 7, 5, 8], "texture": "#1"}
			}
		},
		{
			"from": [12, 16, 7.5],
			"to": [13, 17, 8.5],
			"faces": {
				"north": {"uv": [0, 0, 1, 1], "texture": "#1"},
				"east": {"uv": [0, 0, 1, 1], "texture": "#1"},
				"south": {"uv": [0, 0, 1, 1], "texture": "#1"},
				"west": {"uv": [0, 0, 1, 1], "texture": "#1"},
				"up": {"uv": [0, 0, 1, 1], "texture": "#1"},
				"down": {"uv": [0, 0, 1, 1], "texture": "#1"}
			}
		},
		{
			"from": [13, 17, 7.5],
			"to": [14, 18, 8.5],
			"faces": {
				"north": {"uv": [0, 0, 1, 1], "texture": "#1"},
				"east": {"uv": [0, 0, 1, 1], "texture": "#1"},
				"south": {"uv": [0, 0, 1, 1], "texture": "#1"},
				"west": {"uv": [0, 0, 1, 1], "texture": "#1"},
				"up": {"uv": [0, 0, 1, 1], "texture": "#1"},
				"down": {"uv": [0, 0, 1, 1], "texture": "#1"}
			}
		},
		{
			"from": [14, 18, 7.5],
			"to": [15, 19, 8.5],
			"faces": {
				"north": {"uv": [0, 0, 1, 1], "texture": "#1"},
				"east": {"uv": [0, 0, 1, 1], "texture": "#1"},
				"south": {"uv": [0, 0, 1, 1], "texture": "#1"},
				"west": {"uv": [0, 0, 1, 1], "texture": "#1"},
				"up": {"uv": [0, 0, 1, 1], "texture": "#1"},
				"down": {"uv": [0, 0, 1, 1], "texture": "#1"}
			}
		},
		{
			"from": [15, 18, 7.5],
			"to": [16, 19, 8.5],
			"faces": {
				"north": {"uv": [4, 7, 5, 8], "texture": "#1"},
				"east": {"uv": [4, 7, 5, 8], "texture": "#1"},
				"south": {"uv": [4, 7, 5, 8], "texture": "#1"},
				"west": {"uv": [4, 7, 5, 8], "texture": "#1"},
				"up": {"uv": [4, 7, 5, 8], "texture": "#1"},
				"down": {"uv": [4, 7, 5, 8], "texture": "#1"}
			}
		},
		{
			"from": [13, 16, 7.5],
			"to": [14, 17, 8.5],
			"faces": {
				"north": {"uv": [4, 7, 5, 8], "texture": "#1"},
				"east": {"uv": [4, 7, 5, 8], "texture": "#1"},
				"south": {"uv": [4, 7, 5, 8], "texture": "#1"},
				"west": {"uv": [4, 7, 5, 8], "texture": "#1"},
				"up": {"uv": [4, 7, 5, 8], "texture": "#1"},
				"down": {"uv": [4, 7, 5, 8], "texture": "#1"}
			}
		},
		{
			"from": [14, 17, 7.5],
			"to": [15, 18, 8.5],
			"faces": {
				"north": {"uv": [4, 7, 5, 8], "texture": "#1"},
				"east": {"uv": [4, 7, 5, 8], "texture": "#1"},
				"south": {"uv": [4, 7, 5, 8], "texture": "#1"},
				"west": {"uv": [4, 7, 5, 8], "texture": "#1"},
				"up": {"uv": [4, 7, 5, 8], "texture": "#1"},
				"down": {"uv": [4, 7, 5, 8], "texture": "#1"}
			}
		},
		{
			"from": [11, 15, 7.5],
			"to": [12, 16, 8.5],
			"faces": {
				"north": {"uv": [0, 0, 1, 1], "texture": "#1"},
				"east": {"uv": [0, 0, 1, 1], "texture": "#1"},
				"south": {"uv": [0, 0, 1, 1], "texture": "#1"},
				"west": {"uv": [0, 0, 1, 1], "texture": "#1"},
				"up": {"uv": [0, 0, 1, 1], "texture": "#1"},
				"down": {"uv": [0, 0, 1, 1], "texture": "#1"}
			}
		},
		{
			"from": [10, 14, 7.5],
			"to": [11, 15, 8.5],
			"faces": {
				"north": {"uv": [0, 0, 1, 1], "texture": "#1"},
				"east": {"uv": [0, 0, 1, 1], "texture": "#1"},
				"south": {"uv": [0, 0, 1, 1], "texture": "#1"},
				"west": {"uv": [0, 0, 1, 1], "texture": "#1"},
				"up": {"uv": [0, 0, 1, 1], "texture": "#1"},
				"down": {"uv": [0, 0, 1, 1], "texture": "#1"}
			}
		},
		{
			"from": [9, 13, 7.5],
			"to": [10, 14, 8.5],
			"faces": {
				"north": {"uv": [0, 0, 1, 1], "texture": "#1"},
				"east": {"uv": [0, 0, 1, 1], "texture": "#1"},
				"south": {"uv": [0, 0, 1, 1], "texture": "#1"},
				"west": {"uv": [0, 0, 1, 1], "texture": "#1"},
				"up": {"uv": [0, 0, 1, 1], "texture": "#1"},
				"down": {"uv": [0, 0, 1, 1], "texture": "#1"}
			}
		},
		{
			"from": [8, 12, 7.5],
			"to": [9, 13, 8.5],
			"faces": {
				"north": {"uv": [0, 0, 1, 1], "texture": "#1"},
				"east": {"uv": [0, 0, 1, 1], "texture": "#1"},
				"south": {"uv": [0, 0, 1, 1], "texture": "#1"},
				"west": {"uv": [0, 0, 1, 1], "texture": "#1"},
				"up": {"uv": [0, 0, 1, 1], "texture": "#1"},
				"down": {"uv": [0, 0, 1, 1], "texture": "#1"}
			}
		},
		{
			"from": [7, 11, 7.5],
			"to": [8, 12, 8.5],
			"faces": {
				"north": {"uv": [0, 0, 1, 1], "texture": "#1"},
				"east": {"uv": [0, 0, 1, 1], "texture": "#1"},
				"south": {"uv": [0, 0, 1, 1], "texture": "#1"},
				"west": {"uv": [0, 0, 1, 1], "texture": "#1"},
				"up": {"uv": [0, 0, 1, 1], "texture": "#1"},
				"down": {"uv": [0, 0, 1, 1], "texture": "#1"}
			}
		},
		{
			"from": [6, 10, 7.5],
			"to": [7, 11, 8.5],
			"faces": {
				"north": {"uv": [0, 5, 1, 6], "texture": "#2"},
				"east": {"uv": [0, 5, 1, 6], "texture": "#2"},
				"south": {"uv": [0, 5, 1, 6], "texture": "#2"},
				"west": {"uv": [0, 5, 1, 6], "texture": "#2"},
				"up": {"uv": [0, 5, 1, 6], "texture": "#2"},
				"down": {"uv": [0, 5, 1, 6], "texture": "#2"}
			}
		},
		{
			"from": [5, 9, 7.5],
			"to": [6, 10, 8.5],
			"faces": {
				"north": {"uv": [11, 14, 12, 15], "texture": "#2"},
				"east": {"uv": [11, 14, 12, 15], "texture": "#2"},
				"south": {"uv": [11, 14, 12, 15], "texture": "#2"},
				"west": {"uv": [11, 14, 12, 15], "texture": "#2"},
				"up": {"uv": [11, 14, 12, 15], "texture": "#2"},
				"down": {"uv": [11, 14, 12, 15], "texture": "#2"}
			}
		},
		{
			"from": [12, 14, 7.5],
			"to": [13, 15, 8.5],
			"faces": {
				"north": {"uv": [1, 13, 2, 14], "texture": "#2"},
				"east": {"uv": [1, 13, 2, 14], "texture": "#2"},
				"south": {"uv": [1, 13, 2, 14], "texture": "#2"},
				"west": {"uv": [1, 13, 2, 14], "texture": "#2"},
				"up": {"uv": [1, 13, 2, 14], "texture": "#2"},
				"down": {"uv": [1, 13, 2, 14], "texture": "#2"}
			}
		},
		{
			"from": [13, 15, 7.5],
			"to": [14, 16, 8.5],
			"faces": {
				"north": {"uv": [1, 13, 2, 14], "texture": "#2"},
				"east": {"uv": [1, 13, 2, 14], "texture": "#2"},
				"south": {"uv": [1, 13, 2, 14], "texture": "#2"},
				"west": {"uv": [1, 13, 2, 14], "texture": "#2"},
				"up": {"uv": [1, 13, 2, 14], "texture": "#2"},
				"down": {"uv": [1, 13, 2, 14], "texture": "#2"}
			}
		},
		{
			"from": [14, 16, 7.5],
			"to": [15, 17, 8.5],
			"faces": {
				"north": {"uv": [1, 13, 2, 14], "texture": "#2"},
				"east": {"uv": [1, 13, 2, 14], "texture": "#2"},
				"south": {"uv": [1, 13, 2, 14], "texture": "#2"},
				"west": {"uv": [1, 13, 2, 14], "texture": "#2"},
				"up": {"uv": [1, 13, 2, 14], "texture": "#2"},
				"down": {"uv": [1, 13, 2, 14], "texture": "#2"}
			}
		},
		{
			"from": [15, 17, 7.5],
			"to": [16, 18, 8.5],
			"faces": {
				"north": {"uv": [1, 13, 2, 14], "texture": "#2"},
				"east": {"uv": [1, 13, 2, 14], "texture": "#2"},
				"south": {"uv": [1, 13, 2, 14], "texture": "#2"},
				"west": {"uv": [1, 13, 2, 14], "texture": "#2"},
				"up": {"uv": [1, 13, 2, 14], "texture": "#2"},
				"down": {"uv": [1, 13, 2, 14], "texture": "#2"}
			}
		},
		{
			"from": [16, 18, 7.5],
			"to": [17, 19, 8.5],
			"faces": {
				"north": {"uv": [1, 13, 2, 14], "texture": "#2"},
				"east": {"uv": [1, 13, 2, 14], "texture": "#2"},
				"south": {"uv": [1, 13, 2, 14], "texture": "#2"},
				"west": {"uv": [1, 13, 2, 14], "texture": "#2"},
				"up": {"uv": [1, 13, 2, 14], "texture": "#2"},
				"down": {"uv": [1, 13, 2, 14], "texture": "#2"}
			}
		},
		{
			"from": [16, 19, 7.5],
			"to": [17, 20, 8.5],
			"faces": {
				"north": {"uv": [1, 13, 2, 14], "texture": "#2"},
				"east": {"uv": [1, 13, 2, 14], "texture": "#2"},
				"south": {"uv": [1, 13, 2, 14], "texture": "#2"},
				"west": {"uv": [1, 13, 2, 14], "texture": "#2"},
				"up": {"uv": [1, 13, 2, 14], "texture": "#2"},
				"down": {"uv": [1, 13, 2, 14], "texture": "#2"}
			}
		},
		{
			"from": [11, 14, 7.5],
			"to": [12, 15, 8.5],
			"faces": {
				"north": {"uv": [4, 7, 5, 8], "texture": "#1"},
				"east": {"uv": [4, 7, 5, 8], "texture": "#1"},
				"south": {"uv": [4, 7, 5, 8], "texture": "#1"},
				"west": {"uv": [4, 7, 5, 8], "texture": "#1"},
				"up": {"uv": [4, 7, 5, 8], "texture": "#1"},
				"down": {"uv": [4, 7, 5, 8], "texture": "#1"}
			}
		},
		{
			"from": [11, 13, 7.5],
			"to": [12, 14, 8.5],
			"faces": {
				"north": {"uv": [0, 5, 1, 6], "texture": "#2"},
				"east": {"uv": [0, 5, 1, 6], "texture": "#2"},
				"south": {"uv": [0, 5, 1, 6], "texture": "#2"},
				"west": {"uv": [0, 5, 1, 6], "texture": "#2"},
				"up": {"uv": [0, 5, 1, 6], "texture": "#2"},
				"down": {"uv": [0, 5, 1, 6], "texture": "#2"}
			}
		},
		{
			"from": [10, 12, 7.5],
			"to": [11, 13, 8.5],
			"faces": {
				"north": {"uv": [1, 13, 2, 14], "texture": "#2"},
				"east": {"uv": [1, 13, 2, 14], "texture": "#2"},
				"south": {"uv": [1, 13, 2, 14], "texture": "#2"},
				"west": {"uv": [1, 13, 2, 14], "texture": "#2"},
				"up": {"uv": [1, 13, 2, 14], "texture": "#2"},
				"down": {"uv": [1, 13, 2, 14], "texture": "#2"}
			}
		},
		{
			"from": [10, 13, 7.5],
			"to": [11, 14, 8.5],
			"faces": {
				"north": {"uv": [4, 7, 5, 8], "texture": "#1"},
				"east": {"uv": [4, 7, 5, 8], "texture": "#1"},
				"south": {"uv": [4, 7, 5, 8], "texture": "#1"},
				"west": {"uv": [4, 7, 5, 8], "texture": "#1"},
				"up": {"uv": [4, 7, 5, 8], "texture": "#1"},
				"down": {"uv": [4, 7, 5, 8], "texture": "#1"}
			}
		},
		{
			"from": [9, 11, 7.5],
			"to": [10, 12, 8.5],
			"faces": {
				"north": {"uv": [0, 5, 1, 6], "texture": "#2"},
				"east": {"uv": [0, 5, 1, 6], "texture": "#2"},
				"south": {"uv": [0, 5, 1, 6], "texture": "#2"},
				"west": {"uv": [0, 5, 1, 6], "texture": "#2"},
				"up": {"uv": [0, 5, 1, 6], "texture": "#2"},
				"down": {"uv": [0, 5, 1, 6], "texture": "#2"}
			}
		},
		{
			"from": [9, 12, 7.5],
			"to": [10, 13, 8.5],
			"faces": {
				"north": {"uv": [4, 7, 5, 8], "texture": "#1"},
				"east": {"uv": [4, 7, 5, 8], "texture": "#1"},
				"south": {"uv": [4, 7, 5, 8], "texture": "#1"},
				"west": {"uv": [4, 7, 5, 8], "texture": "#1"},
				"up": {"uv": [4, 7, 5, 8], "texture": "#1"},
				"down": {"uv": [4, 7, 5, 8], "texture": "#1"}
			}
		},
		{
			"from": [8, 11, 7.5],
			"to": [9, 12, 8.5],
			"faces": {
				"north": {"uv": [4, 7, 5, 8], "texture": "#1"},
				"east": {"uv": [4, 7, 5, 8], "texture": "#1"},
				"south": {"uv": [4, 7, 5, 8], "texture": "#1"},
				"west": {"uv": [4, 7, 5, 8], "texture": "#1"},
				"up": {"uv": [4, 7, 5, 8], "texture": "#1"},
				"down": {"uv": [4, 7, 5, 8], "texture": "#1"}
			}
		},
		{
			"from": [6, 9, 7.5],
			"to": [7, 10, 8.5],
			"faces": {
				"north": {"uv": [4, 7, 5, 8], "texture": "#1"},
				"east": {"uv": [4, 7, 5, 8], "texture": "#1"},
				"south": {"uv": [4, 7, 5, 8], "texture": "#1"},
				"west": {"uv": [4, 7, 5, 8], "texture": "#1"},
				"up": {"uv": [4, 7, 5, 8], "texture": "#1"},
				"down": {"uv": [4, 7, 5, 8], "texture": "#1"}
			}
		},
		{
			"from": [8, 5, 7.5],
			"to": [9, 6, 8.5],
			"faces": {
				"north": {"uv": [8, 9, 9, 10], "texture": "#1"},
				"east": {"uv": [8, 9, 9, 10], "texture": "#1"},
				"south": {"uv": [8, 9, 9, 10], "texture": "#1"},
				"west": {"uv": [8, 9, 9, 10], "texture": "#1"},
				"up": {"uv": [8, 9, 9, 10], "texture": "#1"},
				"down": {"uv": [8, 9, 9, 10], "texture": "#1"}
			}
		},
		{
			"from": [5, 7, 7.5],
			"to": [6, 8, 8.5],
			"faces": {
				"north": {"uv": [0, 5, 1, 6], "texture": "#2"},
				"east": {"uv": [0, 5, 1, 6], "texture": "#2"},
				"south": {"uv": [0, 5, 1, 6], "texture": "#2"},
				"west": {"uv": [0, 5, 1, 6], "texture": "#2"},
				"up": {"uv": [0, 5, 1, 6], "texture": "#2"},
				"down": {"uv": [0, 5, 1, 6], "texture": "#2"}
			}
		},
		{
			"from": [4, 8, 7.5],
			"to": [5, 9, 8.5],
			"faces": {
				"north": {"uv": [11, 14, 12, 15], "texture": "#2"},
				"east": {"uv": [11, 14, 12, 15], "texture": "#2"},
				"south": {"uv": [11, 14, 12, 15], "texture": "#2"},
				"west": {"uv": [11, 14, 12, 15], "texture": "#2"},
				"up": {"uv": [11, 14, 12, 15], "texture": "#2"},
				"down": {"uv": [11, 14, 12, 15], "texture": "#2"}
			}
		},
		{
			"from": [3, 11, 7.5],
			"to": [4, 12, 8.5],
			"faces": {
				"north": {"uv": [0, 5, 1, 6], "texture": "#2"},
				"east": {"uv": [0, 5, 1, 6], "texture": "#2"},
				"south": {"uv": [0, 5, 1, 6], "texture": "#2"},
				"west": {"uv": [0, 5, 1, 6], "texture": "#2"},
				"up": {"uv": [0, 5, 1, 6], "texture": "#2"},
				"down": {"uv": [0, 5, 1, 6], "texture": "#2"}
			}
		},
		{
			"from": [3, 10, 7.5],
			"to": [4, 11, 8.5],
			"faces": {
				"north": {"uv": [0, 5, 1, 6], "texture": "#2"},
				"east": {"uv": [0, 5, 1, 6], "texture": "#2"},
				"south": {"uv": [0, 5, 1, 6], "texture": "#2"},
				"west": {"uv": [0, 5, 1, 6], "texture": "#2"},
				"up": {"uv": [0, 5, 1, 6], "texture": "#2"},
				"down": {"uv": [0, 5, 1, 6], "texture": "#2"}
			}
		},
		{
			"from": [4, 10, 7.5],
			"to": [5, 11, 8.5],
			"faces": {
				"north": {"uv": [1, 2, 2, 3], "texture": "#3"},
				"east": {"uv": [1, 2, 2, 3], "texture": "#3"},
				"south": {"uv": [1, 2, 2, 3], "texture": "#3"},
				"west": {"uv": [1, 2, 2, 3], "texture": "#3"},
				"up": {"uv": [1, 2, 2, 3], "texture": "#3"},
				"down": {"uv": [1, 2, 2, 3], "texture": "#3"}
			}
		},
		{
			"from": [4, 9, 7.5],
			"to": [5, 10, 8.5],
			"faces": {
				"north": {"uv": [0, 5, 1, 6], "texture": "#2"},
				"east": {"uv": [0, 5, 1, 6], "texture": "#2"},
				"south": {"uv": [0, 5, 1, 6], "texture": "#2"},
				"west": {"uv": [0, 5, 1, 6], "texture": "#2"},
				"up": {"uv": [0, 5, 1, 6], "texture": "#2"},
				"down": {"uv": [0, 5, 1, 6], "texture": "#2"}
			}
		},
		{
			"from": [3, 9, 7.5],
			"to": [4, 10, 8.5],
			"faces": {
				"north": {"uv": [0, 7, 1, 8], "texture": "#2"},
				"east": {"uv": [0, 7, 1, 8], "texture": "#2"},
				"south": {"uv": [0, 7, 1, 8], "texture": "#2"},
				"west": {"uv": [0, 7, 1, 8], "texture": "#2"},
				"up": {"uv": [0, 7, 1, 8], "texture": "#2"},
				"down": {"uv": [0, 7, 1, 8], "texture": "#2"}
			}
		},
		{
			"from": [5, 10, 7.5],
			"to": [6, 11, 8.5],
			"faces": {
				"north": {"uv": [0, 5, 1, 6], "texture": "#2"},
				"east": {"uv": [0, 5, 1, 6], "texture": "#2"},
				"south": {"uv": [0, 5, 1, 6], "texture": "#2"},
				"west": {"uv": [0, 5, 1, 6], "texture": "#2"},
				"up": {"uv": [0, 5, 1, 6], "texture": "#2"},
				"down": {"uv": [0, 5, 1, 6], "texture": "#2"}
			}
		},
		{
			"from": [4, 11, 7.5],
			"to": [5, 12, 8.5],
			"faces": {
				"north": {"uv": [0, 5, 1, 6], "texture": "#2"},
				"east": {"uv": [0, 5, 1, 6], "texture": "#2"},
				"south": {"uv": [0, 5, 1, 6], "texture": "#2"},
				"west": {"uv": [0, 5, 1, 6], "texture": "#2"},
				"up": {"uv": [0, 5, 1, 6], "texture": "#2"},
				"down": {"uv": [0, 5, 1, 6], "texture": "#2"}
			}
		},
		{
			"from": [5, 11, 7.5],
			"to": [6, 12, 8.5],
			"faces": {
				"north": {"uv": [0, 5, 1, 6], "texture": "#2"},
				"east": {"uv": [0, 5, 1, 6], "texture": "#2"},
				"south": {"uv": [0, 5, 1, 6], "texture": "#2"},
				"west": {"uv": [0, 5, 1, 6], "texture": "#2"},
				"up": {"uv": [0, 5, 1, 6], "texture": "#2"},
				"down": {"uv": [0, 5, 1, 6], "texture": "#2"}
			}
		},
		{
			"from": [6, 12, 7.5],
			"to": [7, 13, 8.5],
			"faces": {
				"north": {"uv": [0, 5, 1, 6], "texture": "#2"},
				"east": {"uv": [0, 5, 1, 6], "texture": "#2"},
				"south": {"uv": [0, 5, 1, 6], "texture": "#2"},
				"west": {"uv": [0, 5, 1, 6], "texture": "#2"},
				"up": {"uv": [0, 5, 1, 6], "texture": "#2"},
				"down": {"uv": [0, 5, 1, 6], "texture": "#2"}
			}
		},
		{
			"from": [7, 12, 7.5],
			"to": [8, 13, 8.5],
			"faces": {
				"north": {"uv": [0, 5, 1, 6], "texture": "#2"},
				"east": {"uv": [0, 5, 1, 6], "texture": "#2"},
				"south": {"uv": [0, 5, 1, 6], "texture": "#2"},
				"west": {"uv": [0, 5, 1, 6], "texture": "#2"},
				"up": {"uv": [0, 5, 1, 6], "texture": "#2"},
				"down": {"uv": [0, 5, 1, 6], "texture": "#2"}
			}
		},
		{
			"from": [8, 13, 7.5],
			"to": [9, 14, 8.5],
			"faces": {
				"north": {"uv": [0, 5, 1, 6], "texture": "#2"},
				"east": {"uv": [0, 5, 1, 6], "texture": "#2"},
				"south": {"uv": [0, 5, 1, 6], "texture": "#2"},
				"west": {"uv": [0, 5, 1, 6], "texture": "#2"},
				"up": {"uv": [0, 5, 1, 6], "texture": "#2"},
				"down": {"uv": [0, 5, 1, 6], "texture": "#2"}
			}
		},
		{
			"from": [9, 14, 7.5],
			"to": [10, 15, 8.5],
			"faces": {
				"north": {"uv": [0, 5, 1, 6], "texture": "#2"},
				"east": {"uv": [0, 5, 1, 6], "texture": "#2"},
				"south": {"uv": [0, 5, 1, 6], "texture": "#2"},
				"west": {"uv": [0, 5, 1, 6], "texture": "#2"},
				"up": {"uv": [0, 5, 1, 6], "texture": "#2"},
				"down": {"uv": [0, 5, 1, 6], "texture": "#2"}
			}
		},
		{
			"from": [10, 15, 7.5],
			"to": [11, 16, 8.5],
			"faces": {
				"north": {"uv": [0, 5, 1, 6], "texture": "#2"},
				"east": {"uv": [0, 5, 1, 6], "texture": "#2"},
				"south": {"uv": [0, 5, 1, 6], "texture": "#2"},
				"west": {"uv": [0, 5, 1, 6], "texture": "#2"},
				"up": {"uv": [0, 5, 1, 6], "texture": "#2"},
				"down": {"uv": [0, 5, 1, 6], "texture": "#2"}
			}
		},
		{
			"from": [11, 16, 7.5],
			"to": [12, 17, 8.5],
			"faces": {
				"north": {"uv": [0, 5, 1, 6], "texture": "#2"},
				"east": {"uv": [0, 5, 1, 6], "texture": "#2"},
				"south": {"uv": [0, 5, 1, 6], "texture": "#2"},
				"west": {"uv": [0, 5, 1, 6], "texture": "#2"},
				"up": {"uv": [0, 5, 1, 6], "texture": "#2"},
				"down": {"uv": [0, 5, 1, 6], "texture": "#2"}
			}
		},
		{
			"from": [12, 17, 7.5],
			"to": [13, 18, 8.5],
			"faces": {
				"north": {"uv": [0, 5, 1, 6], "texture": "#2"},
				"east": {"uv": [0, 5, 1, 6], "texture": "#2"},
				"south": {"uv": [0, 5, 1, 6], "texture": "#2"},
				"west": {"uv": [0, 5, 1, 6], "texture": "#2"},
				"up": {"uv": [0, 5, 1, 6], "texture": "#2"},
				"down": {"uv": [0, 5, 1, 6], "texture": "#2"}
			}
		},
		{
			"from": [13, 18, 7.5],
			"to": [14, 19, 8.5],
			"faces": {
				"north": {"uv": [0, 5, 1, 6], "texture": "#2"},
				"east": {"uv": [0, 5, 1, 6], "texture": "#2"},
				"south": {"uv": [0, 5, 1, 6], "texture": "#2"},
				"west": {"uv": [0, 5, 1, 6], "texture": "#2"},
				"up": {"uv": [0, 5, 1, 6], "texture": "#2"},
				"down": {"uv": [0, 5, 1, 6], "texture": "#2"}
			}
		},
		{
			"from": [14, 19, 7.5],
			"to": [15, 20, 8.5],
			"faces": {
				"north": {"uv": [0, 5, 1, 6], "texture": "#2"},
				"east": {"uv": [0, 5, 1, 6], "texture": "#2"},
				"south": {"uv": [0, 5, 1, 6], "texture": "#2"},
				"west": {"uv": [0, 5, 1, 6], "texture": "#2"},
				"up": {"uv": [0, 5, 1, 6], "texture": "#2"},
				"down": {"uv": [0, 5, 1, 6], "texture": "#2"}
			}
		},
		{
			"from": [15, 19, 7.5],
			"to": [16, 20, 8.5],
			"faces": {
				"north": {"uv": [0, 5, 1, 6], "texture": "#2"},
				"east": {"uv": [0, 5, 1, 6], "texture": "#2"},
				"south": {"uv": [0, 5, 1, 6], "texture": "#2"},
				"west": {"uv": [0, 5, 1, 6], "texture": "#2"},
				"up": {"uv": [0, 5, 1, 6], "texture": "#2"},
				"down": {"uv": [0, 5, 1, 6], "texture": "#2"}
			}
		},
		{
			"from": [6, 11, 7.5],
			"to": [7, 12, 8.5],
			"faces": {
				"north": {"uv": [0, 0, 1, 1], "texture": "#1"},
				"east": {"uv": [0, 0, 1, 1], "texture": "#1"},
				"south": {"uv": [0, 0, 1, 1], "texture": "#1"},
				"west": {"uv": [0, 0, 1, 1], "texture": "#1"},
				"up": {"uv": [0, 0, 1, 1], "texture": "#1"},
				"down": {"uv": [0, 0, 1, 1], "texture": "#1"}
			}
		},
		{
			"from": [2, 9, 7.5],
			"to": [3, 10, 8.5],
			"faces": {
				"north": {"uv": [0, 7, 1, 8], "texture": "#2"},
				"east": {"uv": [0, 7, 1, 8], "texture": "#2"},
				"south": {"uv": [0, 7, 1, 8], "texture": "#2"},
				"west": {"uv": [0, 7, 1, 8], "texture": "#2"},
				"up": {"uv": [0, 7, 1, 8], "texture": "#2"},
				"down": {"uv": [0, 7, 1, 8], "texture": "#2"}
			}
		},
		{
			"from": [2, 11, 7.5],
			"to": [3, 12, 8.5],
			"faces": {
				"north": {"uv": [0, 7, 1, 8], "texture": "#2"},
				"east": {"uv": [0, 7, 1, 8], "texture": "#2"},
				"south": {"uv": [0, 7, 1, 8], "texture": "#2"},
				"west": {"uv": [0, 7, 1, 8], "texture": "#2"},
				"up": {"uv": [0, 7, 1, 8], "texture": "#2"},
				"down": {"uv": [0, 7, 1, 8], "texture": "#2"}
			}
		},
		{
			"from": [3, 7, 7.5],
			"to": [4, 8, 8.5],
			"faces": {
				"north": {"uv": [0, 5, 1, 6], "texture": "#2"},
				"east": {"uv": [0, 5, 1, 6], "texture": "#2"},
				"south": {"uv": [0, 5, 1, 6], "texture": "#2"},
				"west": {"uv": [0, 5, 1, 6], "texture": "#2"},
				"up": {"uv": [0, 5, 1, 6], "texture": "#2"},
				"down": {"uv": [0, 5, 1, 6], "texture": "#2"}
			}
		},
		{
			"from": [3, 6, 7.5],
			"to": [4, 7, 8.5],
			"faces": {
				"north": {"uv": [0, 7, 1, 8], "texture": "#2"},
				"east": {"uv": [0, 7, 1, 8], "texture": "#2"},
				"south": {"uv": [0, 7, 1, 8], "texture": "#2"},
				"west": {"uv": [0, 7, 1, 8], "texture": "#2"},
				"up": {"uv": [0, 7, 1, 8], "texture": "#2"},
				"down": {"uv": [0, 7, 1, 8], "texture": "#2"}
			}
		},
		{
			"from": [4, 6, 7.5],
			"to": [5, 7, 8.5],
			"faces": {
				"north": {"uv": [0, 5, 1, 6], "texture": "#2"},
				"east": {"uv": [0, 5, 1, 6], "texture": "#2"},
				"south": {"uv": [0, 5, 1, 6], "texture": "#2"},
				"west": {"uv": [0, 5, 1, 6], "texture": "#2"},
				"up": {"uv": [0, 5, 1, 6], "texture": "#2"},
				"down": {"uv": [0, 5, 1, 6], "texture": "#2"}
			}
		},
		{
			"from": [4, 7, 7.5],
			"to": [5, 8, 8.5],
			"faces": {
				"north": {"uv": [4, 7, 5, 8], "texture": "#1"},
				"east": {"uv": [4, 7, 5, 8], "texture": "#1"},
				"south": {"uv": [4, 7, 5, 8], "texture": "#1"},
				"west": {"uv": [4, 7, 5, 8], "texture": "#1"},
				"up": {"uv": [4, 7, 5, 8], "texture": "#1"},
				"down": {"uv": [4, 7, 5, 8], "texture": "#1"}
			}
		},
		{
			"from": [5, 6, 7.5],
			"to": [6, 7, 8.5],
			"faces": {
				"north": {"uv": [1, 2, 2, 3], "texture": "#3"},
				"east": {"uv": [1, 2, 2, 3], "texture": "#3"},
				"south": {"uv": [1, 2, 2, 3], "texture": "#3"},
				"west": {"uv": [1, 2, 2, 3], "texture": "#3"},
				"up": {"uv": [1, 2, 2, 3], "texture": "#3"},
				"down": {"uv": [1, 2, 2, 3], "texture": "#3"}
			}
		},
		{
			"from": [5, 5, 7.5],
			"to": [6, 6, 8.5],
			"faces": {
				"north": {"uv": [1, 2, 2, 3], "texture": "#3"},
				"east": {"uv": [1, 2, 2, 3], "texture": "#3"},
				"south": {"uv": [1, 2, 2, 3], "texture": "#3"},
				"west": {"uv": [1, 2, 2, 3], "texture": "#3"},
				"up": {"uv": [1, 2, 2, 3], "texture": "#3"},
				"down": {"uv": [1, 2, 2, 3], "texture": "#3"}
			}
		},
		{
			"from": [4, 5, 7.5],
			"to": [5, 6, 8.5],
			"faces": {
				"north": {"uv": [0, 5, 1, 6], "texture": "#2"},
				"east": {"uv": [0, 5, 1, 6], "texture": "#2"},
				"south": {"uv": [0, 5, 1, 6], "texture": "#2"},
				"west": {"uv": [0, 5, 1, 6], "texture": "#2"},
				"up": {"uv": [0, 5, 1, 6], "texture": "#2"},
				"down": {"uv": [0, 5, 1, 6], "texture": "#2"}
			}
		},
		{
			"from": [4, 3, 7.5],
			"to": [5, 4, 8.5],
			"faces": {
				"north": {"uv": [6, 6, 7, 7], "texture": "#2"},
				"east": {"uv": [6, 6, 7, 7], "texture": "#2"},
				"south": {"uv": [6, 6, 7, 7], "texture": "#2"},
				"west": {"uv": [6, 6, 7, 7], "texture": "#2"},
				"up": {"uv": [6, 6, 7, 7], "texture": "#2"},
				"down": {"uv": [6, 6, 7, 7], "texture": "#2"}
			}
		},
		{
			"from": [3, 2, 7.5],
			"to": [4, 3, 8.5],
			"faces": {
				"north": {"uv": [14, 12, 15, 13], "texture": "#2"},
				"east": {"uv": [14, 12, 15, 13], "texture": "#2"},
				"south": {"uv": [14, 12, 15, 13], "texture": "#2"},
				"west": {"uv": [14, 12, 15, 13], "texture": "#2"},
				"up": {"uv": [14, 12, 15, 13], "texture": "#2"},
				"down": {"uv": [14, 12, 15, 13], "texture": "#2"}
			}
		},
		{
			"from": [2, 1, 7.5],
			"to": [3, 2, 8.5],
			"faces": {
				"north": {"uv": [6, 6, 7, 7], "texture": "#2"},
				"east": {"uv": [6, 6, 7, 7], "texture": "#2"},
				"south": {"uv": [6, 6, 7, 7], "texture": "#2"},
				"west": {"uv": [6, 6, 7, 7], "texture": "#2"},
				"up": {"uv": [6, 6, 7, 7], "texture": "#2"},
				"down": {"uv": [6, 6, 7, 7], "texture": "#2"}
			}
		},
		{
			"from": [2, 0, 7.5],
			"to": [3, 1, 8.5],
			"faces": {
				"north": {"uv": [3, 5, 4, 6], "texture": "#2"},
				"east": {"uv": [3, 5, 4, 6], "texture": "#2"},
				"south": {"uv": [3, 5, 4, 6], "texture": "#2"},
				"west": {"uv": [3, 5, 4, 6], "texture": "#2"},
				"up": {"uv": [3, 5, 4, 6], "texture": "#2"},
				"down": {"uv": [3, 5, 4, 6], "texture": "#2"}
			}
		},
		{
			"from": [1, 0, 7.5],
			"to": [2, 1, 8.5],
			"faces": {
				"north": {"uv": [6, 6, 7, 7], "texture": "#2"},
				"east": {"uv": [6, 6, 7, 7], "texture": "#2"},
				"south": {"uv": [6, 6, 7, 7], "texture": "#2"},
				"west": {"uv": [6, 6, 7, 7], "texture": "#2"},
				"up": {"uv": [6, 6, 7, 7], "texture": "#2"},
				"down": {"uv": [6, 6, 7, 7], "texture": "#2"}
			}
		}
	],
	"gui_light": "front",
	"display": {
		"thirdperson_righthand": {
			"rotation": [-179.67, -86.68, -135.58],
			"translation": [0, 4.5, 1.75]
		},
		"thirdperson_lefthand": {
			"rotation": [-88.92, -86.68, -135.58],
			"translation": [0, 4.5, 1.75]
		},
		"firstperson_righthand": {
			"rotation": [-160.59, -75.29, -129.03],
			"translation": [3.5, 2, -1.25],
			"scale": [0.7, 0.7, 0.7]
		},
		"firstperson_lefthand": {
			"rotation": [-85.59, -75.29, -129.03],
			"translation": [3.5, 2, -1.5],
			"scale": [0.7, 0.7, 0.7]
		},
		"ground": {
			"translation": [0, 3, 0],
			"scale": [0.5, 0.5, 0.5]
		},
		"gui": {
			"translation": [-1.5, -1.5, 0],
			"scale": [0.75, 0.75, 0.75]
		},
		"head": {
			"rotation": [0, 0, -135.5],
			"translation": [0.25, -30.5, 0],
			"scale": [1.2, 1.2, 1.2]
		}
	}
}