{
	"credit": "Made with Blockbench",
	"textures": {
		"2": "custom_blocks/stripped_spruce_log_vase",
		"3": "custom_blocks/black_concrete_vase",
		"4": "custom_blocks/jungle_log_top_vase",
		"particle": "custom_blocks/dripstone_block_vase"
	},
	"elements": [
		{
			"from": [2, 2, 2],
			"to": [14, 14, 14],
			"rotation": {"angle": 0, "axis": "y", "origin": [5.5, 12.525, 8]},
			"faces": {
				"north": {"uv": [2, 2, 14, 14], "texture": "#4"},
				"east": {"uv": [2, 2, 14, 14], "texture": "#4"},
				"south": {"uv": [2, 2, 14, 14], "texture": "#4"},
				"west": {"uv": [2, 2, 14, 14], "texture": "#4"},
				"up": {"uv": [2, 2, 14, 14], "texture": "#4"},
				"down": {"uv": [2, 2, 14, 14], "texture": "#4"}
			}
		},
		{
			"from": [3, 14, 3],
			"to": [13, 16, 13],
			"rotation": {"angle": 0, "axis": "y", "origin": [5.5, 12.525, 8]},
			"faces": {
				"north": {"uv": [0, 2, 1, 3], "texture": "#2"},
				"east": {"uv": [0, 2, 1, 3], "texture": "#2"},
				"south": {"uv": [0, 2, 1, 3], "texture": "#4"},
				"west": {"uv": [0, 2, 1, 3], "texture": "#2"},
				"up": {"uv": [0, 2, 1, 3], "texture": "#2"},
				"down": {"uv": [0, 2, 1, 3], "texture": "#2"}
			}
		},
		{
			"from": [5, 21, 5],
			"to": [11, 24, 11],
			"rotation": {"angle": 0, "axis": "y", "origin": [5.5, 12.525, 8]},
			"faces": {
				"north": {"uv": [0, 2, 1, 3], "texture": "#2"},
				"east": {"uv": [0, 2, 1, 3], "texture": "#2"},
				"south": {"uv": [0, 2, 1, 3], "texture": "#4"},
				"west": {"uv": [0, 2, 1, 3], "texture": "#2"},
				"up": {"uv": [0, 2, 1, 3], "texture": "#2"},
				"down": {"uv": [0, 2, 1, 3], "texture": "#2"}
			}
		},
		{
			"from": [6, 24, 6],
			"to": [10, 24.1, 10],
			"rotation": {"angle": 0, "axis": "y", "origin": [5.5, 12.525, 8]},
			"faces": {
				"north": {"uv": [3, 2, 4, 3], "texture": "#3"},
				"east": {"uv": [3, 2, 4, 3], "texture": "#3"},
				"south": {"uv": [3, 2, 4, 3], "texture": "#3"},
				"west": {"uv": [3, 2, 4, 3], "texture": "#3"},
				"up": {"uv": [3, 2, 4, 3], "texture": "#3"},
				"down": {"uv": [3, 2, 4, 3], "texture": "#3"}
			}
		},
		{
			"from": [6, 16, 6],
			"to": [10, 21, 10],
			"rotation": {"angle": 0, "axis": "y", "origin": [5.5, 12.525, 8]},
			"faces": {
				"north": {"uv": [6, 6, 10, 11], "texture": "#4"},
				"east": {"uv": [6, 6, 10, 11], "texture": "#4"},
				"south": {"uv": [6, 6, 10, 11], "texture": "#4"},
				"west": {"uv": [6, 6, 10, 11], "texture": "#4"},
				"up": {"uv": [6, 6, 10, 11], "texture": "#4"},
				"down": {"uv": [6, 6, 10, 11], "texture": "#4"}
			}
		},
		{
			"from": [2.5, 14, 7],
			"to": [3.5, 23, 9],
			"rotation": {"angle": 0, "axis": "y", "origin": [5.5, 12.525, 8]},
			"faces": {
				"north": {"uv": [2, 0, 3, 1], "texture": "#4"},
				"east": {"uv": [2, 0, 3, 1], "texture": "#4"},
				"south": {"uv": [2, 0, 3, 1], "texture": "#4"},
				"west": {"uv": [2, 0, 3, 1], "texture": "#4"},
				"up": {"uv": [2, 0, 3, 1], "texture": "#4"},
				"down": {"uv": [2, 0, 3, 1], "texture": "#4"}
			}
		},
		{
			"from": [3.5, 22, 7],
			"to": [5.5, 23, 9],
			"rotation": {"angle": 0, "axis": "y", "origin": [5.5, 12.525, 8]},
			"faces": {
				"north": {"uv": [2, 0, 3, 1], "texture": "#4"},
				"east": {"uv": [2, 0, 3, 1], "texture": "#4"},
				"south": {"uv": [2, 0, 3, 1], "texture": "#4"},
				"west": {"uv": [2, 0, 3, 1], "texture": "#4"},
				"up": {"uv": [2, 0, 3, 1], "texture": "#4"},
				"down": {"uv": [2, 0, 3, 1], "texture": "#4"}
			}
		},
		{
			"from": [3, 0, 3],
			"to": [13, 2, 13],
			"rotation": {"angle": 0, "axis": "y", "origin": [5.5, 12.525, 8]},
			"faces": {
				"north": {"uv": [0, 2, 1, 3], "texture": "#2"},
				"east": {"uv": [0, 2, 1, 3], "texture": "#2"},
				"south": {"uv": [0, 2, 1, 3], "texture": "#4"},
				"west": {"uv": [0, 2, 1, 3], "texture": "#2"},
				"up": {"uv": [0, 2, 1, 3], "texture": "#2"},
				"down": {"uv": [0, 2, 1, 3], "texture": "#2"}
			}
		}
	],
	"gui_light": "front",
	"display": {
		"thirdperson_righthand": {
			"scale": [0.5, 0.5, 0.5]
		},
		"thirdperson_lefthand": {
			"scale": [0.5, 0.5, 0.5]
		},
		"firstperson_righthand": {
			"translation": [4.75, 0, 0],
			"scale": [0.5, 0.5, 0.5]
		},
		"firstperson_lefthand": {
			"translation": [4.75, 0, 0],
			"scale": [0.5, 0.5, 0.5]
		},
		"ground": {
			"translation": [0, 3.5, 0],
			"scale": [0.5, 0.5, 0.5]
		},
		"gui": {
			"translation": [0, -2.5, 0],
			"scale": [0.6, 0.6, 0.6]
		},
		"head": {
			"translation": [0, 14, 0]
		},
		"fixed": {
			"rotation": [-90, 0, 0],
			"translation": [0, 0, -12],
			"scale": [1.5, 1.5, 1.5]
		}
	}
}