{
	"credit": "Made with Blockbench",
	"textures": {
		"0": "custom_blocks/chiseled_sandstone_sword",
		"1": "custom_blocks/black_concrete_vase",
		"2": "custom_blocks/jungle_log_top_vase",
		"3": "custom_blocks/birch_planks_vase",
		"4": "custom_blocks/birch_vase",
		"particle": "custom_blocks/chiseled_sandstone_sword"
	},
	"elements": [
		{
			"from": [4, 1, 4],
			"to": [12, 9, 12],
			"faces": {
				"north": {"uv": [4, 2, 12, 10], "texture": "#0"},
				"east": {"uv": [4, 2, 12, 10], "texture": "#0"},
				"south": {"uv": [4, 2, 12, 10], "texture": "#0"},
				"west": {"uv": [4, 2, 12, 10], "texture": "#0"},
				"up": {"uv": [7, 0, 8, 1], "texture": "#2"},
				"down": {"uv": [7, 0, 8, 1], "texture": "#0"}
			}
		},
		{
			"from": [5.8, 12, 5.8],
			"to": [10.2, 13, 10.2],
			"faces": {
				"north": {"uv": [7, 3, 7.9, 4], "texture": "#3"},
				"east": {"uv": [7, 3, 7.9, 4], "texture": "#3"},
				"south": {"uv": [7, 3, 7.9, 4], "texture": "#3"},
				"west": {"uv": [7, 3, 7.9, 4], "texture": "#3"},
				"up": {"uv": [7, 3, 7.9, 4], "texture": "#3"},
				"down": {"uv": [7, 0, 8, 1], "texture": "#0"}
			}
		},
		{
			"from": [3.5, 0, 3.5],
			"to": [12.5, 1, 12.5],
			"faces": {
				"north": {"uv": [7, 3, 7.9, 4], "texture": "#3"},
				"east": {"uv": [7, 3, 7.9, 4], "texture": "#3"},
				"south": {"uv": [7, 3, 7.9, 4], "texture": "#3"},
				"west": {"uv": [7, 3, 7.9, 4], "texture": "#3"},
				"up": {"uv": [7, 0, 8, 1], "texture": "#0"},
				"down": {"uv": [7, 3, 7.9, 4], "texture": "#3"}
			}
		},
		{
			"from": [3.8, 1, 11.2],
			"to": [4.8, 9.4, 12.2],
			"faces": {
				"north": {"uv": [7, 0, 8, 1], "texture": "#0"},
				"east": {"uv": [7, 0, 8, 1], "texture": "#0"},
				"south": {"uv": [7, 3, 7.9, 4], "texture": "#3"},
				"west": {"uv": [7, 3, 7.9, 4], "texture": "#3"},
				"up": {"uv": [7, 0, 8, 1], "texture": "#0"},
				"down": {"uv": [7, 0, 8, 1], "texture": "#0"}
			}
		},
		{
			"from": [3.8, 1, 3.8],
			"to": [4.8, 9.4, 4.8],
			"faces": {
				"north": {"uv": [7, 3, 7.9, 4], "texture": "#3"},
				"east": {"uv": [7, 0, 8, 1], "texture": "#0"},
				"south": {"uv": [7, 0, 8, 1], "texture": "#0"},
				"west": {"uv": [7, 3, 7.9, 4], "texture": "#3"},
				"up": {"uv": [7, 0, 8, 1], "texture": "#0"},
				"down": {"uv": [7, 0, 8, 1], "texture": "#0"}
			}
		},
		{
			"from": [11.2, 1, 3.8],
			"to": [12.2, 9.4, 4.8],
			"faces": {
				"north": {"uv": [7, 3, 7.9, 4], "texture": "#3"},
				"east": {"uv": [7, 3, 7.9, 4], "texture": "#3"},
				"south": {"uv": [7, 0, 8, 1], "texture": "#0"},
				"west": {"uv": [7, 0, 8, 1], "texture": "#0"},
				"up": {"uv": [7, 0, 8, 1], "texture": "#0"},
				"down": {"uv": [7, 0, 8, 1], "texture": "#0"}
			}
		},
		{
			"from": [11.2, 1, 11.2],
			"to": [12.2, 9.4, 12.2],
			"faces": {
				"north": {"uv": [7, 0, 8, 1], "texture": "#0"},
				"east": {"uv": [7, 3, 7.9, 4], "texture": "#3"},
				"south": {"uv": [7, 3, 7.9, 4], "texture": "#3"},
				"west": {"uv": [7, 0, 8, 1], "texture": "#0"},
				"up": {"uv": [7, 0, 8, 1], "texture": "#0"},
				"down": {"uv": [7, 0, 8, 1], "texture": "#0"}
			}
		},
		{
			"from": [3.7, 8.5, 3.7],
			"to": [12.3, 9.5, 12.3],
			"faces": {
				"north": {"uv": [4, 3, 12.6, 4], "texture": "#3"},
				"east": {"uv": [4, 3, 12.6, 4], "texture": "#3"},
				"south": {"uv": [4, 3, 12.6, 4], "texture": "#3"},
				"west": {"uv": [4, 3, 12.6, 4], "texture": "#3"},
				"up": {"uv": [5, 5, 11, 11], "texture": "#4"},
				"down": {"uv": [4, 3, 12.6, 4], "texture": "#3"}
			}
		},
		{
			"from": [6, 8, 6],
			"to": [10, 12.1, 10],
			"faces": {
				"north": {"uv": [7, 0, 8, 1], "texture": "#0"},
				"east": {"uv": [7, 0, 8, 1], "texture": "#0"},
				"south": {"uv": [7, 0, 8, 1], "texture": "#0"},
				"west": {"uv": [7, 0, 8, 1], "texture": "#0"},
				"up": {"uv": [6, 6.5, 10, 10.6], "texture": "#0"},
				"down": {"uv": [6, 6.5, 10, 10.6], "texture": "#0"}
			}
		},
		{
			"from": [6.9, 9, 6.9],
			"to": [9.1, 13.1, 9.1],
			"faces": {
				"north": {"uv": [6, 6.5, 8.2, 10.6], "texture": "#1"},
				"east": {"uv": [6, 6.5, 8.2, 10.6], "texture": "#1"},
				"south": {"uv": [6, 6.5, 8.2, 10.6], "texture": "#1"},
				"west": {"uv": [6, 6.5, 8.2, 10.6], "texture": "#1"},
				"up": {"uv": [6, 6.5, 8.2, 10.6], "texture": "#1"},
				"down": {"uv": [6, 6.5, 8.2, 10.6], "texture": "#1"}
			}
		},
		{
			"from": [7, 13, 7],
			"to": [9, 14.1, 9],
			"faces": {
				"north": {"uv": [6, 5, 10, 6.1], "texture": "#2"},
				"east": {"uv": [6, 5, 10, 6.1], "texture": "#2"},
				"south": {"uv": [6, 5, 10, 6.1], "texture": "#2"},
				"west": {"uv": [6, 5, 10, 6.1], "texture": "#2"},
				"up": {"uv": [6, 6, 10, 10], "texture": "#2"},
				"down": {"uv": [6, 6, 10, 10], "texture": "#2"}
			}
		}
	],
	"gui_light": "front",
	"display": {
		"thirdperson_righthand": {
			"translation": [0, 0, -1.75],
			"scale": [0.5, 0.5, 0.5]
		},
		"thirdperson_lefthand": {
			"translation": [0, 0, -1.75],
			"scale": [0.5, 0.5, 0.5]
		},
		"firstperson_righthand": {
			"translation": [4.75, 1.25, 0],
			"scale": [0.5, 0.5, 0.5]
		},
		"firstperson_lefthand": {
			"translation": [4.75, 1.25, 0],
			"scale": [0.5, 0.5, 0.5]
		},
		"ground": {
			"translation": [0, 6.5, 0]
		},
		"gui": {
			"translation": [0, 1, 0]
		},
		"head": {
			"translation": [0, 14, 0]
		},
		"fixed": {
			"rotation": [-90, 0, 0],
			"translation": [0, 0, -16],
			"scale": [2, 2, 2]
		}
	}
}