{
	"credit": "Made with Blockbench",
	"textures": {
		"1": "custom_blocks/stripped_jungle_log_vase",
		"2": "custom_blocks/stripped_spruce_log_vase",
		"3": "custom_blocks/black_concrete_vase",
		"4": "custom_blocks/acacia_log_top_vase",
		"particle": "custom_blocks/dripstone_block_vase"
	},
	"elements": [
		{
			"from": [1, 2, 4],
			"to": [13, 22, 16],
			"rotation": {"angle": 45, "axis": "y", "origin": [5.5, 12.525, 8]},
			"faces": {
				"north": {"uv": [2, 0, 14, 16], "texture": "#4"},
				"east": {"uv": [2, 0, 14, 16], "texture": "#4"},
				"south": {"uv": [2, 0, 14, 16], "texture": "#4"},
				"west": {"uv": [2, 0, 14, 16], "texture": "#4"},
				"up": {"uv": [0, 2, 1, 3], "texture": "#4"},
				"down": {"uv": [0, 2, 1, 3], "texture": "#4"}
			}
		},
		{
			"from": [2, 14, 5],
			"to": [12, 24, 15],
			"rotation": {"angle": 45, "axis": "y", "origin": [5.5, 12.525, 8]},
			"faces": {
				"north": {"uv": [0, 2, 1, 3], "texture": "#4"},
				"east": {"uv": [0, 2, 1, 3], "texture": "#4"},
				"south": {"uv": [0, 2, 1, 3], "texture": "#4"},
				"west": {"uv": [0, 2, 1, 3], "texture": "#4"},
				"up": {"uv": [0, 2, 1, 3], "texture": "#4"},
				"down": {"uv": [0, 2, 1, 3], "texture": "#4"}
			}
		},
		{
			"from": [6, 19, 15],
			"to": [8, 20, 18],
			"rotation": {"angle": 45, "axis": "y", "origin": [5.5, 12.525, 8]},
			"faces": {
				"north": {"uv": [0, 2, 1, 3], "texture": "#4"},
				"east": {"uv": [0, 2, 1, 3], "texture": "#4"},
				"south": {"uv": [0, 2, 1, 3], "texture": "#4"},
				"west": {"uv": [0, 2, 1, 3], "texture": "#4"},
				"up": {"uv": [0, 2, 1, 3], "texture": "#4"},
				"down": {"uv": [0, 2, 1, 3], "texture": "#4"}
			}
		},
		{
			"from": [6, 10, 18],
			"to": [8, 20, 19],
			"rotation": {"angle": 45, "axis": "y", "origin": [5.5, 12.525, 8]},
			"faces": {
				"north": {"uv": [0, 2, 1, 3], "texture": "#4"},
				"east": {"uv": [0, 2, 1, 3], "texture": "#4"},
				"south": {"uv": [0, 2, 1, 3], "texture": "#4"},
				"west": {"uv": [0, 2, 1, 3], "texture": "#4"},
				"up": {"uv": [0, 2, 1, 3], "texture": "#4"},
				"down": {"uv": [0, 2, 1, 3], "texture": "#4"}
			}
		},
		{
			"from": [6, 10, 15],
			"to": [8, 11, 18],
			"rotation": {"angle": 45, "axis": "y", "origin": [5.5, 12.525, 8]},
			"faces": {
				"north": {"uv": [0, 2, 1, 3], "texture": "#4"},
				"east": {"uv": [0, 2, 1, 3], "texture": "#4"},
				"south": {"uv": [0, 2, 1, 3], "texture": "#4"},
				"west": {"uv": [0, 2, 1, 3], "texture": "#4"},
				"up": {"uv": [0, 2, 1, 3], "texture": "#4"},
				"down": {"uv": [0, 2, 1, 3], "texture": "#4"}
			}
		},
		{
			"from": [6, 10, 2],
			"to": [8, 11, 5],
			"rotation": {"angle": 45, "axis": "y", "origin": [5.5, 12.525, 8]},
			"faces": {
				"north": {"uv": [0, 2, 1, 3], "texture": "#4"},
				"east": {"uv": [0, 2, 1, 3], "texture": "#4"},
				"south": {"uv": [0, 2, 1, 3], "texture": "#4"},
				"west": {"uv": [0, 2, 1, 3], "texture": "#4"},
				"up": {"uv": [0, 2, 1, 3], "texture": "#4"},
				"down": {"uv": [0, 2, 1, 3], "texture": "#4"}
			}
		},
		{
			"from": [6, 10, 1],
			"to": [8, 20, 2],
			"rotation": {"angle": 45, "axis": "y", "origin": [5.5, 12.525, 8]},
			"faces": {
				"north": {"uv": [0, 2, 1, 3], "texture": "#4"},
				"east": {"uv": [0, 2, 1, 3], "texture": "#4"},
				"south": {"uv": [0, 2, 1, 3], "texture": "#4"},
				"west": {"uv": [0, 2, 1, 3], "texture": "#4"},
				"up": {"uv": [0, 2, 1, 3], "texture": "#4"},
				"down": {"uv": [0, 2, 1, 3], "texture": "#4"}
			}
		},
		{
			"from": [6, 19, 2],
			"to": [8, 20, 5],
			"rotation": {"angle": 45, "axis": "y", "origin": [5.5, 12.525, 8]},
			"faces": {
				"north": {"uv": [0, 2, 1, 3], "texture": "#4"},
				"east": {"uv": [0, 2, 1, 3], "texture": "#4"},
				"south": {"uv": [0, 2, 1, 3], "texture": "#4"},
				"west": {"uv": [0, 2, 1, 3], "texture": "#4"},
				"up": {"uv": [0, 2, 1, 3], "texture": "#4"},
				"down": {"uv": [0, 2, 1, 3], "texture": "#4"}
			}
		},
		{
			"from": [4, 29, 7],
			"to": [10, 31, 13],
			"rotation": {"angle": 45, "axis": "y", "origin": [5.5, 12.525, 8]},
			"faces": {
				"north": {"uv": [0, 2, 1, 3], "texture": "#4"},
				"east": {"uv": [0, 2, 1, 3], "texture": "#4"},
				"south": {"uv": [0, 2, 1, 3], "texture": "#4"},
				"west": {"uv": [0, 2, 1, 3], "texture": "#4"},
				"up": {"uv": [0, 2, 1, 3], "texture": "#4"},
				"down": {"uv": [0, 2, 1, 3], "texture": "#4"}
			}
		},
		{
			"from": [5, 31, 8],
			"to": [9, 31.1, 12],
			"rotation": {"angle": 45, "axis": "y", "origin": [5.5, 12.525, 8]},
			"faces": {
				"north": {"uv": [3, 2, 4, 3], "texture": "#2"},
				"east": {"uv": [3, 2, 4, 3], "texture": "#2"},
				"south": {"uv": [3, 2, 4, 3], "texture": "#2"},
				"west": {"uv": [3, 2, 4, 3], "texture": "#2"},
				"up": {"uv": [3, 2, 4, 3], "texture": "#3"},
				"down": {"uv": [3, 2, 4, 3], "texture": "#3"}
			}
		},
		{
			"from": [5, 16, 8],
			"to": [9, 29, 12],
			"rotation": {"angle": 45, "axis": "y", "origin": [5.5, 12.525, 8]},
			"faces": {
				"north": {"uv": [6, 6, 10, 19], "texture": "#4"},
				"east": {"uv": [6, 6, 10, 19], "texture": "#4"},
				"south": {"uv": [6, 6, 10, 19], "texture": "#4"},
				"west": {"uv": [6, 6, 10, 19], "texture": "#4"},
				"up": {"uv": [0, 0, 4, 5], "texture": "#1"},
				"down": {"uv": [0, 0, 4, 5], "texture": "#1"}
			}
		},
		{
			"from": [2, 0, 5],
			"to": [12, 10, 15],
			"rotation": {"angle": 45, "axis": "y", "origin": [5.5, 12.525, 8]},
			"faces": {
				"north": {"uv": [0, 2, 1, 3], "texture": "#4"},
				"east": {"uv": [0, 2, 1, 3], "texture": "#4"},
				"south": {"uv": [0, 2, 1, 3], "texture": "#4"},
				"west": {"uv": [0, 2, 1, 3], "texture": "#4"},
				"up": {"uv": [0, 2, 1, 3], "texture": "#4"},
				"down": {"uv": [0, 2, 1, 3], "texture": "#4"}
			}
		}
	],
	"gui_light": "front",
	"display": {
		"thirdperson_righthand": {
			"scale": [0.5, 0.5, 0.5]
		},
		"thirdperson_lefthand": {
			"scale": [0.5, 0.5, 0.5]
		},
		"firstperson_righthand": {
			"translation": [4, -1.75, 0],
			"scale": [0.5, 0.5, 0.5]
		},
		"firstperson_lefthand": {
			"translation": [4, -1.75, 0],
			"scale": [0.5, 0.5, 0.5]
		},
		"ground": {
			"translation": [0, 1.25, 0],
			"scale": [0.5, 0.5, 0.5]
		},
		"gui": {
			"translation": [0, -3.75, 0],
			"scale": [0.5, 0.5, 0.5]
		},
		"head": {
			"translation": [0, 14, 0]
		},
		"fixed": {
			"rotation": [-90, 0, 0],
			"translation": [0, 0, -12],
			"scale": [1.5, 1.5, 1.5]
		}
	}
}