{
    "sources": [
        {
            "type": "directory",
            "source": "enchantmentplus",
            "prefix": "enchantmentplus/"
        },
        {
            "type": "directory",
            "source": "gme",
            "prefix": "gme/"
        },
        {
            "type": "directory",
            "source": "soulorbs",
            "prefix": "soulorbs/"
        },
        {
            "type": "single",
            "resource": "wyvernity:invisible_slot"
        },
        {
            "type": "directory",
            "source": "coc",
            "prefix": "coc/"
        }
    ]
}