[
    {
        "condition": "minecraft:reference",
        "name": "enchantmentplus:recipes/empty_slots/all"
    },
    {
        "condition": "minecraft:reference",
        "name": "enchantmentplus:recipes/tools/swords"
    },
    {
        "condition": "minecraft:alternative",
        "terms": [
            {
                "condition": "minecraft:location_check",
                "predicate": {
                    "block": {
                        "nbt": "{Items:[{id:\"minecraft:blaze_powder\",Count:48b}]}"
                    }
                }
            },
            {
                "condition": "minecraft:location_check",
                "predicate": {
                    "block": {
                        "nbt": "{Items:[{id:\"minecraft:blaze_powder\",Count:49b}]}"
                    }
                }
            },
            {
                "condition": "minecraft:location_check",
                "predicate": {
                    "block": {
                        "nbt": "{Items:[{id:\"minecraft:blaze_powder\",Count:50b}]}"
                    }
                }
            },
            {
                "condition": "minecraft:location_check",
                "predicate": {
                    "block": {
                        "nbt": "{Items:[{id:\"minecraft:blaze_powder\",Count:51b}]}"
                    }
                }
            },
            {
                "condition": "minecraft:location_check",
                "predicate": {
                    "block": {
                        "nbt": "{Items:[{id:\"minecraft:blaze_powder\",Count:52b}]}"
                    }
                }
            },
            {
                "condition": "minecraft:location_check",
                "predicate": {
                    "block": {
                        "nbt": "{Items:[{id:\"minecraft:blaze_powder\",Count:53b}]}"
                    }
                }
            },
            {
                "condition": "minecraft:location_check",
                "predicate": {
                    "block": {
                        "nbt": "{Items:[{id:\"minecraft:blaze_powder\",Count:54b}]}"
                    }
                }
            },
            {
                "condition": "minecraft:location_check",
                "predicate": {
                    "block": {
                        "nbt": "{Items:[{id:\"minecraft:blaze_powder\",Count:55b}]}"
                    }
                }
            },
            {
                "condition": "minecraft:location_check",
                "predicate": {
                    "block": {
                        "nbt": "{Items:[{id:\"minecraft:blaze_powder\",Count:56b}]}"
                    }
                }
            },
            {
                "condition": "minecraft:location_check",
                "predicate": {
                    "block": {
                        "nbt": "{Items:[{id:\"minecraft:blaze_powder\",Count:57b}]}"
                    }
                }
            },
            {
                "condition": "minecraft:location_check",
                "predicate": {
                    "block": {
                        "nbt": "{Items:[{id:\"minecraft:blaze_powder\",Count:58b}]}"
                    }
                }
            },
            {
                "condition": "minecraft:location_check",
                "predicate": {
                    "block": {
                        "nbt": "{Items:[{id:\"minecraft:blaze_powder\",Count:59b}]}"
                    }
                }
            },
            {
                "condition": "minecraft:location_check",
                "predicate": {
                    "block": {
                        "nbt": "{Items:[{id:\"minecraft:blaze_powder\",Count:60b}]}"
                    }
                }
            },
            {
                "condition": "minecraft:location_check",
                "predicate": {
                    "block": {
                        "nbt": "{Items:[{id:\"minecraft:blaze_powder\",Count:61b}]}"
                    }
                }
            },
            {
                "condition": "minecraft:location_check",
                "predicate": {
                    "block": {
                        "nbt": "{Items:[{id:\"minecraft:blaze_powder\",Count:62b}]}"
                    }
                }
            },
            {
                "condition": "minecraft:location_check",
                "predicate": {
                    "block": {
                        "nbt": "{Items:[{id:\"minecraft:blaze_powder\",Count:63b}]}"
                    }
                }
            },
            {
                "condition": "minecraft:location_check",
                "predicate": {
                    "block": {
                        "nbt": "{Items:[{id:\"minecraft:blaze_powder\",Count:64b}]}"
                    }
                }
            }
        ]
    }
]