[
    {
        "condition": "minecraft:alternative",
        "terms": [
            {
                "condition": "minecraft:entity_properties",
                "entity": "this",
                "predicate": {
                    "equipment": {
                        "mainhand": {
                            "tag": "enchantmentplus:shovels"
                        }
                    }
                }
            }
        ]
    },
    {
        "condition": "minecraft:location_check",
        "predicate": {
            "block": {
                "tag": "minecraft:mineable/shovel"
            }
        }
    }
]