[
    {
        "condition": "minecraft:reference",
        "name": "enchantmentplus:recipes/empty_slots/all"
    },
    {
        "condition": "minecraft:alternative",
        "terms": [
            {
                "condition": "minecraft:location_check",
                "predicate": {
                    "block": {
                        "nbt": "{Items:[{Slot:11b,tag:{EnchantmentPlusData:{Lumberjack:1b}}},{id:\"minecraft:name_tag\",tag:{display:{Name:'{\"text\":\"Lumberjack I\"}'}}}]}"
                    }
                }
            },
            {
                "condition": "minecraft:location_check",
                "predicate": {
                    "block": {
                        "nbt": "{Items:[{Slot:11b,tag:{EnchantmentPlusData:{Lumberjack:1b}}},{id:\"minecraft:name_tag\",tag:{display:{Name:'{\"text\":\"Lumberjack\"}'}}}]}"
                    }
                }
            },
            {
                "condition": "minecraft:location_check",
                "predicate": {
                    "block": {
                        "nbt": "{Items:[{Slot:11b,tag:{EnchantmentPlusData:{Lumberjack:2b}}},{id:\"minecraft:name_tag\",tag:{display:{Name:'{\"text\":\"Lumberjack II\"}'}}}]}"
                    }
                }
            },
            {
                "condition": "minecraft:location_check",
                "predicate": {
                    "block": {
                        "nbt": "{Items:[{Slot:11b,tag:{EnchantmentPlusData:{Lumberjack:2b}}},{id:\"minecraft:name_tag\",tag:{display:{Name:'{\"text\":\"Lumberjack\"}'}}}]}"
                    }
                }
            },
            {
                "condition": "minecraft:location_check",
                "predicate": {
                    "block": {
                        "nbt": "{Items:[{Slot:11b,tag:{EnchantmentPlusData:{Lumberjack:3b}}},{id:\"minecraft:name_tag\",tag:{display:{Name:'{\"text\":\"Lumberjack III\"}'}}}]}"
                    }
                }
            },
            {
                "condition": "minecraft:location_check",
                "predicate": {
                    "block": {
                        "nbt": "{Items:[{Slot:11b,tag:{EnchantmentPlusData:{Lumberjack:3b}}},{id:\"minecraft:name_tag\",tag:{display:{Name:'{\"text\":\"Lumberjack\"}'}}}]}"
                    }
                }
            },
            {
                "condition": "minecraft:location_check",
                "predicate": {
                    "block": {
                        "nbt": "{Items:[{Slot:11b,tag:{EnchantmentPlusData:{Lumberjack:4b}}},{id:\"minecraft:name_tag\",tag:{display:{Name:'{\"text\":\"Lumberjack IV\"}'}}}]}"
                    }
                }
            },
            {
                "condition": "minecraft:location_check",
                "predicate": {
                    "block": {
                        "nbt": "{Items:[{Slot:11b,tag:{EnchantmentPlusData:{Lumberjack:4b}}},{id:\"minecraft:name_tag\",tag:{display:{Name:'{\"text\":\"Lumberjack\"}'}}}]}"
                    }
                }
            },
            {
                "condition": "minecraft:location_check",
                "predicate": {
                    "block": {
                        "nbt": "{Items:[{Slot:11b,tag:{EnchantmentPlusData:{Lumberjack:5b}}},{id:\"minecraft:name_tag\",tag:{display:{Name:'{\"text\":\"Lumberjack V\"}'}}}]}"
                    }
                }
            },
            {
                "condition": "minecraft:location_check",
                "predicate": {
                    "block": {
                        "nbt": "{Items:[{Slot:11b,tag:{EnchantmentPlusData:{Lumberjack:5b}}},{id:\"minecraft:name_tag\",tag:{display:{Name:'{\"text\":\"Lumberjack\"}'}}}]}"
                    }
                }
            },
            {
                "condition": "minecraft:location_check",
                "predicate": {
                    "block": {
                        "nbt": "{Items:[{Slot:11b,tag:{EnchantmentPlusData:{Direct:1b}}},{id:\"minecraft:name_tag\",tag:{display:{Name:'{\"text\":\"Direct\"}'}}}]}"
                    }
                }
            },
            {
                "condition": "minecraft:location_check",
                "predicate": {
                    "block": {
                        "nbt": "{Items:[{Slot:11b,tag:{EnchantmentPlusData:{Autosmelt:1b}}},{id:\"minecraft:name_tag\",tag:{display:{Name:'{\"text\":\"Autosmelt\"}'}}}]}"
                    }
                }
            },
            {
                "condition": "minecraft:location_check",
                "predicate": {
                    "block": {
                        "nbt": "{Items:[{Slot:11b,tag:{Unbreakable:1b}},{id:\"minecraft:name_tag\",tag:{display:{Name:'{\"text\":\"Unbreakable\"}'}}}]}"
                    }
                }
            },
            {
                "condition": "minecraft:location_check",
                "predicate": {
                    "block": {
                        "nbt": "{Items:[{Slot:11b,tag:{EnchantmentPlusData:{Veinminer:1b}}},{id:\"minecraft:name_tag\",tag:{display:{Name:'{\"text\":\"Vein Miner I\"}'}}}]}"
                    }
                }
            },
            {
                "condition": "minecraft:location_check",
                "predicate": {
                    "block": {
                        "nbt": "{Items:[{Slot:11b,tag:{EnchantmentPlusData:{Veinminer:1b}}},{id:\"minecraft:name_tag\",tag:{display:{Name:'{\"text\":\"Vein Miner\"}'}}}]}"
                    }
                }
            },
            {
                "condition": "minecraft:location_check",
                "predicate": {
                    "block": {
                        "nbt": "{Items:[{Slot:11b,tag:{EnchantmentPlusData:{Veinminer:2b}}},{id:\"minecraft:name_tag\",tag:{display:{Name:'{\"text\":\"Vein Miner II\"}'}}}]}"
                    }
                }
            },
            {
                "condition": "minecraft:location_check",
                "predicate": {
                    "block": {
                        "nbt": "{Items:[{Slot:11b,tag:{EnchantmentPlusData:{Veinminer:2b}}},{id:\"minecraft:name_tag\",tag:{display:{Name:'{\"text\":\"Vein Miner\"}'}}}]}"
                    }
                }
            },
            {
                "condition": "minecraft:location_check",
                "predicate": {
                    "block": {
                        "nbt": "{Items:[{Slot:11b,tag:{EnchantmentPlusData:{Veinminer:3b}}},{id:\"minecraft:name_tag\",tag:{display:{Name:'{\"text\":\"Vein Miner III\"}'}}}]}"
                    }
                }
            },
            {
                "condition": "minecraft:location_check",
                "predicate": {
                    "block": {
                        "nbt": "{Items:[{Slot:11b,tag:{EnchantmentPlusData:{Veinminer:3b}}},{id:\"minecraft:name_tag\",tag:{display:{Name:'{\"text\":\"Vein Miner\"}'}}}]}"
                    }
                }
            },
            {
                "condition": "minecraft:location_check",
                "predicate": {
                    "block": {
                        "nbt": "{Items:[{Slot:11b,tag:{EnchantmentPlusData:{Veinminer:4b}}},{id:\"minecraft:name_tag\",tag:{display:{Name:'{\"text\":\"Vein Miner IV\"}'}}}]}"
                    }
                }
            },
            {
                "condition": "minecraft:location_check",
                "predicate": {
                    "block": {
                        "nbt": "{Items:[{Slot:11b,tag:{EnchantmentPlusData:{Veinminer:4b}}},{id:\"minecraft:name_tag\",tag:{display:{Name:'{\"text\":\"Vein Miner\"}'}}}]}"
                    }
                }
            },
            {
                "condition": "minecraft:location_check",
                "predicate": {
                    "block": {
                        "nbt": "{Items:[{Slot:11b,tag:{EnchantmentPlusData:{Veinminer:5b}}},{id:\"minecraft:name_tag\",tag:{display:{Name:'{\"text\":\"Vein Miner V\"}'}}}]}"
                    }
                }
            },
            {
                "condition": "minecraft:location_check",
                "predicate": {
                    "block": {
                        "nbt": "{Items:[{Slot:11b,tag:{EnchantmentPlusData:{Veinminer:5b}}},{id:\"minecraft:name_tag\",tag:{display:{Name:'{\"text\":\"Vein Miner\"}'}}}]}"
                    }
                }
            },
            {
                "condition": "minecraft:location_check",
                "predicate": {
                    "block": {
                        "nbt": "{Items:[{Slot:11b,tag:{EnchantmentPlusData:{Wide:1b}}},{id:\"minecraft:name_tag\",tag:{display:{Name:'{\"text\":\"Wide I\"}'}}}]}"
                    }
                }
            },
            {
                "condition": "minecraft:location_check",
                "predicate": {
                    "block": {
                        "nbt": "{Items:[{Slot:11b,tag:{EnchantmentPlusData:{Wide:1b}}},{id:\"minecraft:name_tag\",tag:{display:{Name:'{\"text\":\"Wide\"}'}}}]}"
                    }
                }
            },
            {
                "condition": "minecraft:location_check",
                "predicate": {
                    "block": {
                        "nbt": "{Items:[{Slot:11b,tag:{EnchantmentPlusData:{Wide:2b}}},{id:\"minecraft:name_tag\",tag:{display:{Name:'{\"text\":\"Wide II\"}'}}}]}"
                    }
                }
            },
            {
                "condition": "minecraft:location_check",
                "predicate": {
                    "block": {
                        "nbt": "{Items:[{Slot:11b,tag:{EnchantmentPlusData:{Wide:2b}}},{id:\"minecraft:name_tag\",tag:{display:{Name:'{\"text\":\"Wide\"}'}}}]}"
                    }
                }
            },
            {
                "condition": "minecraft:location_check",
                "predicate": {
                    "block": {
                        "nbt": "{Items:[{Slot:11b,tag:{EnchantmentPlusData:{Wide:3b}}},{id:\"minecraft:name_tag\",tag:{display:{Name:'{\"text\":\"Wide III\"}'}}}]}"
                    }
                }
            },
            {
                "condition": "minecraft:location_check",
                "predicate": {
                    "block": {
                        "nbt": "{Items:[{Slot:11b,tag:{EnchantmentPlusData:{Wide:3b}}},{id:\"minecraft:name_tag\",tag:{display:{Name:'{\"text\":\"Wide\"}'}}}]}"
                    }
                }
            },
            {
                "condition": "minecraft:location_check",
                "predicate": {
                    "block": {
                        "nbt": "{Items:[{Slot:11b,tag:{EnchantmentPlusData:{Beheading:1b}}},{id:\"minecraft:name_tag\",tag:{display:{Name:'{\"text\":\"Beheading I\"}'}}}]}"
                    }
                }
            },
            {
                "condition": "minecraft:location_check",
                "predicate": {
                    "block": {
                        "nbt": "{Items:[{Slot:11b,tag:{EnchantmentPlusData:{Beheading:1b}}},{id:\"minecraft:name_tag\",tag:{display:{Name:'{\"text\":\"Beheading\"}'}}}]}"
                    }
                }
            },
            {
                "condition": "minecraft:location_check",
                "predicate": {
                    "block": {
                        "nbt": "{Items:[{Slot:11b,tag:{EnchantmentPlusData:{Beheading:2b}}},{id:\"minecraft:name_tag\",tag:{display:{Name:'{\"text\":\"Beheading II\"}'}}}]}"
                    }
                }
            },
            {
                "condition": "minecraft:location_check",
                "predicate": {
                    "block": {
                        "nbt": "{Items:[{Slot:11b,tag:{EnchantmentPlusData:{Beheading:2b}}},{id:\"minecraft:name_tag\",tag:{display:{Name:'{\"text\":\"Beheading\"}'}}}]}"
                    }
                }
            },
            {
                "condition": "minecraft:location_check",
                "predicate": {
                    "block": {
                        "nbt": "{Items:[{Slot:11b,tag:{EnchantmentPlusData:{Beheading:3b}}},{id:\"minecraft:name_tag\",tag:{display:{Name:'{\"text\":\"Beheading III\"}'}}}]}"
                    }
                }
            },
            {
                "condition": "minecraft:location_check",
                "predicate": {
                    "block": {
                        "nbt": "{Items:[{Slot:11b,tag:{EnchantmentPlusData:{Beheading:3b}}},{id:\"minecraft:name_tag\",tag:{display:{Name:'{\"text\":\"Beheading\"}'}}}]}"
                    }
                }
            },
            {
                "condition": "minecraft:location_check",
                "predicate": {
                    "block": {
                        "nbt": "{Items:[{Slot:11b,tag:{EnchantmentPlusData:{Beheading:4b}}},{id:\"minecraft:name_tag\",tag:{display:{Name:'{\"text\":\"Beheading IV\"}'}}}]}"
                    }
                }
            },
            {
                "condition": "minecraft:location_check",
                "predicate": {
                    "block": {
                        "nbt": "{Items:[{Slot:11b,tag:{EnchantmentPlusData:{Beheading:4b}}},{id:\"minecraft:name_tag\",tag:{display:{Name:'{\"text\":\"Beheading\"}'}}}]}"
                    }
                }
            },
            {
                "condition": "minecraft:location_check",
                "predicate": {
                    "block": {
                        "nbt": "{Items:[{Slot:11b,tag:{EnchantmentPlusData:{Beheading:5b}}},{id:\"minecraft:name_tag\",tag:{display:{Name:'{\"text\":\"Beheading V\"}'}}}]}"
                    }
                }
            },
            {
                "condition": "minecraft:location_check",
                "predicate": {
                    "block": {
                        "nbt": "{Items:[{Slot:11b,tag:{EnchantmentPlusData:{Beheading:5b}}},{id:\"minecraft:name_tag\",tag:{display:{Name:'{\"text\":\"Beheading\"}'}}}]}"
                    }
                }
            },
            {
                "condition": "minecraft:location_check",
                "predicate": {
                    "block": {
                        "nbt": "{Items:[{Slot:11b,tag:{EnchantmentPlusData:{Lifesteal:1b}}},{id:\"minecraft:name_tag\",tag:{display:{Name:'{\"text\":\"Lifesteal I\"}'}}}]}"
                    }
                }
            },
            {
                "condition": "minecraft:location_check",
                "predicate": {
                    "block": {
                        "nbt": "{Items:[{Slot:11b,tag:{EnchantmentPlusData:{Lifesteal:1b}}},{id:\"minecraft:name_tag\",tag:{display:{Name:'{\"text\":\"Lifesteal\"}'}}}]}"
                    }
                }
            },
            {
                "condition": "minecraft:location_check",
                "predicate": {
                    "block": {
                        "nbt": "{Items:[{Slot:11b,tag:{EnchantmentPlusData:{Lifesteal:2b}}},{id:\"minecraft:name_tag\",tag:{display:{Name:'{\"text\":\"Lifesteal II\"}'}}}]}"
                    }
                }
            },
            {
                "condition": "minecraft:location_check",
                "predicate": {
                    "block": {
                        "nbt": "{Items:[{Slot:11b,tag:{EnchantmentPlusData:{Lifesteal:2b}}},{id:\"minecraft:name_tag\",tag:{display:{Name:'{\"text\":\"Lifesteal\"}'}}}]}"
                    }
                }
            },
            {
                "condition": "minecraft:location_check",
                "predicate": {
                    "block": {
                        "nbt": "{Items:[{Slot:11b,tag:{EnchantmentPlusData:{Lifesteal:3b}}},{id:\"minecraft:name_tag\",tag:{display:{Name:'{\"text\":\"Lifesteal III\"}'}}}]}"
                    }
                }
            },
            {
                "condition": "minecraft:location_check",
                "predicate": {
                    "block": {
                        "nbt": "{Items:[{Slot:11b,tag:{EnchantmentPlusData:{Lifesteal:3b}}},{id:\"minecraft:name_tag\",tag:{display:{Name:'{\"text\":\"Lifesteal\"}'}}}]}"
                    }
                }
            },
            {
                "condition": "minecraft:location_check",
                "predicate": {
                    "block": {
                        "nbt": "{Items:[{Slot:11b,tag:{EnchantmentPlusData:{Deflect:1b}}},{id:\"minecraft:name_tag\",tag:{display:{Name:'{\"text\":\"Deflect I\"}'}}}]}"
                    }
                }
            },
            {
                "condition": "minecraft:location_check",
                "predicate": {
                    "block": {
                        "nbt": "{Items:[{Slot:11b,tag:{EnchantmentPlusData:{Deflect:1b}}},{id:\"minecraft:name_tag\",tag:{display:{Name:'{\"text\":\"Deflect\"}'}}}]}"
                    }
                }
            },
            {
                "condition": "minecraft:location_check",
                "predicate": {
                    "block": {
                        "nbt": "{Items:[{Slot:11b,tag:{EnchantmentPlusData:{Deflect:2b}}},{id:\"minecraft:name_tag\",tag:{display:{Name:'{\"text\":\"Deflect II\"}'}}}]}"
                    }
                }
            },
            {
                "condition": "minecraft:location_check",
                "predicate": {
                    "block": {
                        "nbt": "{Items:[{Slot:11b,tag:{EnchantmentPlusData:{Deflect:2b}}},{id:\"minecraft:name_tag\",tag:{display:{Name:'{\"text\":\"Deflect\"}'}}}]}"
                    }
                }
            },
            {
                "condition": "minecraft:location_check",
                "predicate": {
                    "block": {
                        "nbt": "{Items:[{Slot:11b,tag:{EnchantmentPlusData:{Deflect:3b}}},{id:\"minecraft:name_tag\",tag:{display:{Name:'{\"text\":\"Deflect III\"}'}}}]}"
                    }
                }
            },
            {
                "condition": "minecraft:location_check",
                "predicate": {
                    "block": {
                        "nbt": "{Items:[{Slot:11b,tag:{EnchantmentPlusData:{Deflect:3b}}},{id:\"minecraft:name_tag\",tag:{display:{Name:'{\"text\":\"Deflect\"}'}}}]}"
                    }
                }
            },
            {
                "condition": "minecraft:location_check",
                "predicate": {
                    "block": {
                        "nbt": "{Items:[{Slot:11b,tag:{EnchantmentPlusData:{Deflect:4b}}},{id:\"minecraft:name_tag\",tag:{display:{Name:'{\"text\":\"Deflect IV\"}'}}}]}"
                    }
                }
            },
            {
                "condition": "minecraft:location_check",
                "predicate": {
                    "block": {
                        "nbt": "{Items:[{Slot:11b,tag:{EnchantmentPlusData:{Deflect:4b}}},{id:\"minecraft:name_tag\",tag:{display:{Name:'{\"text\":\"Deflect\"}'}}}]}"
                    }
                }
            },
            {
                "condition": "minecraft:location_check",
                "predicate": {
                    "block": {
                        "nbt": "{Items:[{Slot:11b,tag:{EnchantmentPlus:{Icy:1b}}},{id:\"minecraft:name_tag\",tag:{display:{Name:'{\"text\":\"Icy I\"}'}}}]}"
                    }
                }
            },
            {
                "condition": "minecraft:location_check",
                "predicate": {
                    "block": {
                        "nbt": "{Items:[{Slot:11b,tag:{EnchantmentPlus:{Icy:1b}}},{id:\"minecraft:name_tag\",tag:{display:{Name:'{\"text\":\"Icy\"}'}}}]}"
                    }
                }
            },
            {
                "condition": "minecraft:location_check",
                "predicate": {
                    "block": {
                        "nbt": "{Items:[{Slot:11b,tag:{EnchantmentPlus:{Icy:2b}}},{id:\"minecraft:name_tag\",tag:{display:{Name:'{\"text\":\"Icy II\"}'}}}]}"
                    }
                }
            },
            {
                "condition": "minecraft:location_check",
                "predicate": {
                    "block": {
                        "nbt": "{Items:[{Slot:11b,tag:{EnchantmentPlus:{Icy:2b}}},{id:\"minecraft:name_tag\",tag:{display:{Name:'{\"text\":\"Icy\"}'}}}]}"
                    }
                }
            },
            {
                "condition": "minecraft:location_check",
                "predicate": {
                    "block": {
                        "nbt": "{Items:[{Slot:11b,tag:{EnchantmentPlus:{Icy:3b}}},{id:\"minecraft:name_tag\",tag:{display:{Name:'{\"text\":\"Icy III\"}'}}}]}"
                    }
                }
            },
            {
                "condition": "minecraft:location_check",
                "predicate": {
                    "block": {
                        "nbt": "{Items:[{Slot:11b,tag:{EnchantmentPlus:{Icy:3b}}},{id:\"minecraft:name_tag\",tag:{display:{Name:'{\"text\":\"Icy\"}'}}}]}"
                    }
                }
            },
            {
                "condition": "minecraft:location_check",
                "predicate": {
                    "block": {
                        "nbt": "{Items:[{Slot:11b,tag:{EnchantmentPlus:{Icy:4b}}},{id:\"minecraft:name_tag\",tag:{display:{Name:'{\"text\":\"Icy IV\"}'}}}]}"
                    }
                }
            },
            {
                "condition": "minecraft:location_check",
                "predicate": {
                    "block": {
                        "nbt": "{Items:[{Slot:11b,tag:{EnchantmentPlus:{Icy:4b}}},{id:\"minecraft:name_tag\",tag:{display:{Name:'{\"text\":\"Icy\"}'}}}]}"
                    }
                }
            },
            {
                "condition": "minecraft:location_check",
                "predicate": {
                    "block": {
                        "nbt": "{Items:[{Slot:11b,tag:{EnchantmentPlus:{Icy:5b}}},{id:\"minecraft:name_tag\",tag:{display:{Name:'{\"text\":\"Icy V\"}'}}}]}"
                    }
                }
            },
            {
                "condition": "minecraft:location_check",
                "predicate": {
                    "block": {
                        "nbt": "{Items:[{Slot:11b,tag:{EnchantmentPlus:{Icy:5b}}},{id:\"minecraft:name_tag\",tag:{display:{Name:'{\"text\":\"Icy\"}'}}}]}"
                    }
                }
            },
            {
                "condition": "minecraft:location_check",
                "predicate": {
                    "block": {
                        "nbt": "{Items:[{Slot:11b,tag:{EnchantmentPlusData:{HealthBoost:1b}}},{id:\"minecraft:name_tag\",tag:{display:{Name:'{\"text\":\"Health Boost I\"}'}}}]}"
                    }
                }
            },
            {
                "condition": "minecraft:location_check",
                "predicate": {
                    "block": {
                        "nbt": "{Items:[{Slot:11b,tag:{EnchantmentPlusData:{HealthBoost:1b}}},{id:\"minecraft:name_tag\",tag:{display:{Name:'{\"text\":\"Health Boost\"}'}}}]}"
                    }
                }
            },
            {
                "condition": "minecraft:location_check",
                "predicate": {
                    "block": {
                        "nbt": "{Items:[{Slot:11b,tag:{EnchantmentPlusData:{HealthBoost:2b}}},{id:\"minecraft:name_tag\",tag:{display:{Name:'{\"text\":\"Health Boost II\"}'}}}]}"
                    }
                }
            },
            {
                "condition": "minecraft:location_check",
                "predicate": {
                    "block": {
                        "nbt": "{Items:[{Slot:11b,tag:{EnchantmentPlusData:{HealthBoost:2b}}},{id:\"minecraft:name_tag\",tag:{display:{Name:'{\"text\":\"Health Boost\"}'}}}]}"
                    }
                }
            },
            {
                "condition": "minecraft:location_check",
                "predicate": {
                    "block": {
                        "nbt": "{Items:[{Slot:11b,tag:{EnchantmentPlusData:{HealthBoost:3b}}},{id:\"minecraft:name_tag\",tag:{display:{Name:'{\"text\":\"Health Boost III\"}'}}}]}"
                    }
                }
            },
            {
                "condition": "minecraft:location_check",
                "predicate": {
                    "block": {
                        "nbt": "{Items:[{Slot:11b,tag:{EnchantmentPlusData:{HealthBoost:3b}}},{id:\"minecraft:name_tag\",tag:{display:{Name:'{\"text\":\"Health Boost\"}'}}}]}"
                    }
                }
            },
            {
                "condition": "minecraft:location_check",
                "predicate": {
                    "block": {
                        "nbt": "{Items:[{Slot:11b,tag:{EnchantmentPlusData:{HealthBoost:4b}}},{id:\"minecraft:name_tag\",tag:{display:{Name:'{\"text\":\"Health Boost IV\"}'}}}]}"
                    }
                }
            },
            {
                "condition": "minecraft:location_check",
                "predicate": {
                    "block": {
                        "nbt": "{Items:[{Slot:11b,tag:{EnchantmentPlusData:{HealthBoost:4b}}},{id:\"minecraft:name_tag\",tag:{display:{Name:'{\"text\":\"Health Boost\"}'}}}]}"
                    }
                }
            },
            {
                "condition": "minecraft:location_check",
                "predicate": {
                    "block": {
                        "nbt": "{Items:[{Slot:11b,tag:{EnchantmentPlusData:{HealthBoost:5b}}},{id:\"minecraft:name_tag\",tag:{display:{Name:'{\"text\":\"Health Boost V\"}'}}}]}"
                    }
                }
            },
            {
                "condition": "minecraft:location_check",
                "predicate": {
                    "block": {
                        "nbt": "{Items:[{Slot:11b,tag:{EnchantmentPlusData:{HealthBoost:5b}}},{id:\"minecraft:name_tag\",tag:{display:{Name:'{\"text\":\"Health Boost\"}'}}}]}"
                    }
                }
            },
            {
                "condition": "minecraft:location_check",
                "predicate": {
                    "block": {
                        "nbt": "{Items:[{Slot:11b,tag:{EnchantmentPlusData:{ExperienceBoost:1b}}},{id:\"minecraft:name_tag\",tag:{display:{Name:'{\"text\":\"Experience Boost I\"}'}}}]}"
                    }
                }
            },
            {
                "condition": "minecraft:location_check",
                "predicate": {
                    "block": {
                        "nbt": "{Items:[{Slot:11b,tag:{EnchantmentPlusData:{ExperienceBoost:1b}}},{id:\"minecraft:name_tag\",tag:{display:{Name:'{\"text\":\"Experience Boost\"}'}}}]}"
                    }
                }
            },
            {
                "condition": "minecraft:location_check",
                "predicate": {
                    "block": {
                        "nbt": "{Items:[{Slot:11b,tag:{EnchantmentPlusData:{ExperienceBoost:2b}}},{id:\"minecraft:name_tag\",tag:{display:{Name:'{\"text\":\"Experience Boost II\"}'}}}]}"
                    }
                }
            },
            {
                "condition": "minecraft:location_check",
                "predicate": {
                    "block": {
                        "nbt": "{Items:[{Slot:11b,tag:{EnchantmentPlusData:{ExperienceBoost:2b}}},{id:\"minecraft:name_tag\",tag:{display:{Name:'{\"text\":\"Experience Boost\"}'}}}]}"
                    }
                }
            },
            {
                "condition": "minecraft:location_check",
                "predicate": {
                    "block": {
                        "nbt": "{Items:[{Slot:11b,tag:{EnchantmentPlusData:{ExperienceBoost:3b}}},{id:\"minecraft:name_tag\",tag:{display:{Name:'{\"text\":\"Experience Boost III\"}'}}}]}"
                    }
                }
            },
            {
                "condition": "minecraft:location_check",
                "predicate": {
                    "block": {
                        "nbt": "{Items:[{Slot:11b,tag:{EnchantmentPlusData:{ExperienceBoost:3b}}},{id:\"minecraft:name_tag\",tag:{display:{Name:'{\"text\":\"Experience Boost\"}'}}}]}"
                    }
                }
            },
            {
                "condition": "minecraft:location_check",
                "predicate": {
                    "block": {
                        "nbt": "{Items:[{Slot:11b,tag:{EnchantmentPlusData:{ExperienceBoost:4b}}},{id:\"minecraft:name_tag\",tag:{display:{Name:'{\"text\":\"Experience Boost IV\"}'}}}]}"
                    }
                }
            },
            {
                "condition": "minecraft:location_check",
                "predicate": {
                    "block": {
                        "nbt": "{Items:[{Slot:11b,tag:{EnchantmentPlusData:{ExperienceBoost:4b}}},{id:\"minecraft:name_tag\",tag:{display:{Name:'{\"text\":\"Experience Boost\"}'}}}]}"
                    }
                }
            },
            {
                "condition": "minecraft:location_check",
                "predicate": {
                    "block": {
                        "nbt": "{Items:[{Slot:11b,tag:{EnchantmentPlusData:{ExperienceBoost:5b}}},{id:\"minecraft:name_tag\",tag:{display:{Name:'{\"text\":\"Experience Boost V\"}'}}}]}"
                    }
                }
            },
            {
                "condition": "minecraft:location_check",
                "predicate": {
                    "block": {
                        "nbt": "{Items:[{Slot:11b,tag:{EnchantmentPlusData:{ExperienceBoost:5b}}},{id:\"minecraft:name_tag\",tag:{display:{Name:'{\"text\":\"Experience Boost\"}'}}}]}"
                    }
                }
            },
            {
                "condition": "minecraft:location_check",
                "predicate": {
                    "block": {
                        "nbt": "{Items:[{Slot:11b,tag:{EnchantmentPlusData:{Feeder:1b}}},{id:\"minecraft:name_tag\",tag:{display:{Name:'{\"text\":\"Feeding Module\"}'}}}]}"
                    }
                }
            },
            {
                "condition": "minecraft:location_check",
                "predicate": {
                    "block": {
                        "nbt": "{Items:[{Slot:11b,tag:{EnchantmentPlusData:{Lightness:1b}}},{id:\"minecraft:name_tag\",tag:{display:{Name:'{\"text\":\"Heaven\\'s Lightness\"}'}}}]}"
                    }
                }
            },
            {
                "condition": "minecraft:location_check",
                "predicate": {
                    "block": {
                        "nbt": "{Items:[{Slot:11b,tag:{EnchantmentPlusData:{OwlEye:1b}}},{id:\"minecraft:name_tag\",tag:{display:{Name:'{\"text\":\"Eyes of Owl\"}'}}}]}"
                    }
                }
            },
            {
                "condition": "minecraft:location_check",
                "predicate": {
                    "block": {
                        "nbt": "{Items:[{Slot:11b,tag:{EnchantmentPlusData:{Thermal:1b}}},{id:\"minecraft:name_tag\",tag:{display:{Name:'{\"text\":\"Thermal Plating\"}'}}}]}"
                    }
                }
            },
            {
                "condition": "minecraft:location_check",
                "predicate": {
                    "block": {
                        "nbt": "{Items:[{Slot:11b,tag:{EnchantmentPlusData:{Fists:1b}}},{id:\"minecraft:name_tag\",tag:{display:{Name:'{\"text\":\"Stone Fists I\"}'}}}]}"
                    }
                }
            },
            {
                "condition": "minecraft:location_check",
                "predicate": {
                    "block": {
                        "nbt": "{Items:[{Slot:11b,tag:{EnchantmentPlusData:{Fists:1b}}},{id:\"minecraft:name_tag\",tag:{display:{Name:'{\"text\":\"Stone Fists\"}'}}}]}"
                    }
                }
            },
            {
                "condition": "minecraft:location_check",
                "predicate": {
                    "block": {
                        "nbt": "{Items:[{Slot:11b,tag:{EnchantmentPlusData:{Fists:2b}}},{id:\"minecraft:name_tag\",tag:{display:{Name:'{\"text\":\"Stone Fists II\"}'}}}]}"
                    }
                }
            },
            {
                "condition": "minecraft:location_check",
                "predicate": {
                    "block": {
                        "nbt": "{Items:[{Slot:11b,tag:{EnchantmentPlusData:{Fists:2b}}},{id:\"minecraft:name_tag\",tag:{display:{Name:'{\"text\":\"Stone Fists\"}'}}}]}"
                    }
                }
            },
            {
                "condition": "minecraft:location_check",
                "predicate": {
                    "block": {
                        "nbt": "{Items:[{Slot:11b,tag:{EnchantmentPlusData:{Fists:3b}}},{id:\"minecraft:name_tag\",tag:{display:{Name:'{\"text\":\"Stone Fists III\"}'}}}]}"
                    }
                }
            },
            {
                "condition": "minecraft:location_check",
                "predicate": {
                    "block": {
                        "nbt": "{Items:[{Slot:11b,tag:{EnchantmentPlusData:{Fists:3b}}},{id:\"minecraft:name_tag\",tag:{display:{Name:'{\"text\":\"Stone Fists\"}'}}}]}"
                    }
                }
            },
            {
                "condition": "minecraft:location_check",
                "predicate": {
                    "block": {
                        "nbt": "{Items:[{Slot:11b,tag:{EnchantmentPlusData:{Leaping:1b}}},{id:\"minecraft:name_tag\",tag:{display:{Name:'{\"text\":\"Leaping I\"}'}}}]}"
                    }
                }
            },
            {
                "condition": "minecraft:location_check",
                "predicate": {
                    "block": {
                        "nbt": "{Items:[{Slot:11b,tag:{EnchantmentPlusData:{Leaping:1b}}},{id:\"minecraft:name_tag\",tag:{display:{Name:'{\"text\":\"Leaping\"}'}}}]}"
                    }
                }
            },
            {
                "condition": "minecraft:location_check",
                "predicate": {
                    "block": {
                        "nbt": "{Items:[{Slot:11b,tag:{EnchantmentPlusData:{Leaping:2b}}},{id:\"minecraft:name_tag\",tag:{display:{Name:'{\"text\":\"Leaping II\"}'}}}]}"
                    }
                }
            },
            {
                "condition": "minecraft:location_check",
                "predicate": {
                    "block": {
                        "nbt": "{Items:[{Slot:11b,tag:{EnchantmentPlusData:{Leaping:2b}}},{id:\"minecraft:name_tag\",tag:{display:{Name:'{\"text\":\"Leaping\"}'}}}]}"
                    }
                }
            },
            {
                "condition": "minecraft:location_check",
                "predicate": {
                    "block": {
                        "nbt": "{Items:[{Slot:11b,tag:{EnchantmentPlusData:{Leaping:3b}}},{id:\"minecraft:name_tag\",tag:{display:{Name:'{\"text\":\"Leaping III\"}'}}}]}"
                    }
                }
            },
            {
                "condition": "minecraft:location_check",
                "predicate": {
                    "block": {
                        "nbt": "{Items:[{Slot:11b,tag:{EnchantmentPlusData:{Leaping:3b}}},{id:\"minecraft:name_tag\",tag:{display:{Name:'{\"text\":\"Leaping\"}'}}}]}"
                    }
                }
            },
            {
                "condition": "minecraft:location_check",
                "predicate": {
                    "block": {
                        "nbt": "{Items:[{Slot:11b,tag:{EnchantmentPlusData:{Traveler:1b}}},{id:\"minecraft:name_tag\",tag:{display:{Name:'{\"text\":\"Traveler I\"}'}}}]}"
                    }
                }
            },
            {
                "condition": "minecraft:location_check",
                "predicate": {
                    "block": {
                        "nbt": "{Items:[{Slot:11b,tag:{EnchantmentPlusData:{Traveler:1b}}},{id:\"minecraft:name_tag\",tag:{display:{Name:'{\"text\":\"Traveler\"}'}}}]}"
                    }
                }
            },
            {
                "condition": "minecraft:location_check",
                "predicate": {
                    "block": {
                        "nbt": "{Items:[{Slot:11b,tag:{EnchantmentPlusData:{Traveler:2b}}},{id:\"minecraft:name_tag\",tag:{display:{Name:'{\"text\":\"Traveler II\"}'}}}]}"
                    }
                }
            },
            {
                "condition": "minecraft:location_check",
                "predicate": {
                    "block": {
                        "nbt": "{Items:[{Slot:11b,tag:{EnchantmentPlusData:{Traveler:2b}}},{id:\"minecraft:name_tag\",tag:{display:{Name:'{\"text\":\"Traveler\"}'}}}]}"
                    }
                }
            },
            {
                "condition": "minecraft:location_check",
                "predicate": {
                    "block": {
                        "nbt": "{Items:[{Slot:11b,tag:{EnchantmentPlusData:{Traveler:3b}}},{id:\"minecraft:name_tag\",tag:{display:{Name:'{\"text\":\"Traveler III\"}'}}}]}"
                    }
                }
            },
            {
                "condition": "minecraft:location_check",
                "predicate": {
                    "block": {
                        "nbt": "{Items:[{Slot:11b,tag:{EnchantmentPlusData:{Traveler:3b}}},{id:\"minecraft:name_tag\",tag:{display:{Name:'{\"text\":\"Traveler\"}'}}}]}"
                    }
                }
            },
            {
                "condition": "minecraft:location_check",
                "predicate": {
                    "block": {
                        "nbt": "{Items:[{Slot:11b,tag:{EnchantmentPlusData:{Antigravity:1b}}},{id:\"minecraft:name_tag\",tag:{display:{Name:'{\"text\":\"Anti-Gravity\"}'}}}]}"
                    }
                }
            },
            {
                "condition": "minecraft:location_check",
                "predicate": {
                    "block": {
                        "nbt": "{Items:[{Slot:11b,tag:{EnchantmentPlusData:{LavaWalker:1b}}},{id:\"minecraft:name_tag\",tag:{display:{Name:'{\"text\":\"Lava Walker I\"}'}}}]}"
                    }
                }
            },
            {
                "condition": "minecraft:location_check",
                "predicate": {
                    "block": {
                        "nbt": "{Items:[{Slot:11b,tag:{EnchantmentPlusData:{LavaWalker:1b}}},{id:\"minecraft:name_tag\",tag:{display:{Name:'{\"text\":\"Lava Walker\"}'}}}]}"
                    }
                }
            },
            {
                "condition": "minecraft:location_check",
                "predicate": {
                    "block": {
                        "nbt": "{Items:[{Slot:11b,tag:{EnchantmentPlusData:{LavaWalker:2b}}},{id:\"minecraft:name_tag\",tag:{display:{Name:'{\"text\":\"Lava Walker II\"}'}}}]}"
                    }
                }
            },
            {
                "condition": "minecraft:location_check",
                "predicate": {
                    "block": {
                        "nbt": "{Items:[{Slot:11b,tag:{EnchantmentPlusData:{LavaWalker:2b}}},{id:\"minecraft:name_tag\",tag:{display:{Name:'{\"text\":\"Lava Walker\"}'}}}]}"
                    }
                }
            },
            {
                "condition": "minecraft:location_check",
                "predicate": {
                    "block": {
                        "nbt": "{Items:[{Slot:11b,tag:{EnchantmentPlusData:{LavaWalker:3b}}},{id:\"minecraft:name_tag\",tag:{display:{Name:'{\"text\":\"Lava Walker III\"}'}}}]}"
                    }
                }
            },
            {
                "condition": "minecraft:location_check",
                "predicate": {
                    "block": {
                        "nbt": "{Items:[{Slot:11b,tag:{EnchantmentPlusData:{LavaWalker:3b}}},{id:\"minecraft:name_tag\",tag:{display:{Name:'{\"text\":\"Lava Walker\"}'}}}]}"
                    }
                }
            },
            {
                "condition": "minecraft:location_check",
                "predicate": {
                    "block": {
                        "nbt": "{Items:[{Slot:11b,tag:{EnchantmentPlusData:{RoyalGuard:1b}}},{id:\"minecraft:name_tag\",tag:{display:{Name:'{\"text\":\"Royal Guard\"}'}}}]}"
                    }
                }
            },
            {
                "condition": "minecraft:location_check",
                "predicate": {
                    "block": {
                        "nbt": "{Items:[{Slot:11b,tag:{EnchantmentPlusData:{JudgmentShot:1b}}},{id:\"minecraft:name_tag\",tag:{display:{Name:'{\"text\":\"Judgment Shot\"}'}}}]}"
                    }
                }
            },
            {
                "condition": "minecraft:location_check",
                "predicate": {
                    "block": {
                        "nbt": "{Items:[{Slot:11b,tag:{EnchantmentPlusData:{VoidStrike:1b}}},{id:\"minecraft:name_tag\",tag:{display:{Name:'{\"text\":\"Void Strike\"}'}}}]}"
                    }
                }
            }
        ]
    }
]