[
    {
        "condition": "minecraft:entity_properties",
        "entity": "this",
        "predicate": {
            "nbt": "{Item:{tag:{EnchantmentPlusData:{id:\"guide\"}}}}"
        }
    },
    {
        "condition": "minecraft:inverted",
        "term": {
            "condition": "minecraft:entity_properties",
            "entity": "this",
            "predicate": {
                "nbt": "{Item:{tag:{EnchantmentPlusData:{version:2.0d}}}}"
            }
        }
    }
]